id,category,error_name,error_code,symptoms,probable_causes,step_1,step_2,step_3,verification,risk,sources
BSOD-001,BSOD,SYSTEM_SERVICE_EXCEPTION,SYSTEM_SERVICE_EXCEPTION,Blue screen displaying SYSTEM_SERVICE_EXCEPTION (SYSTEM_SERVICE_EXCEPTION) after boot,Bad RAM or memory corruption,Run DISM to repair component store: `DISM /Online /Cleanup-Image /RestoreHealth`,"Check disk: `chkdsk /f /r`, and ensure backups",Boot into Safe Mode; run System File Checker: `sfc /scannow`,Reboot and confirm no BSOD occurs for multiple restarts; check Event Viewer for cleared error.,high,Microsoft Support / Vendor KB (paraphrased)
BSOD-002,BSOD,SYSTEM_SERVICE_EXCEPTION,SYSTEM_SERVICE_EXCEPTION,Blue screen displaying SYSTEM_SERVICE_EXCEPTION (SYSTEM_SERVICE_EXCEPTION) after boot,Overheating or hardware incompatibility,Run memory diagnostic (Windows Memory Diagnostic) and test RAM,Boot into Safe Mode; run System File Checker: `sfc /scannow`,"Check disk: `chkdsk /f /r`, and ensure backups",Reboot and confirm no BSOD occurs for multiple restarts; check Event Viewer for cleared error.,low,Microsoft Support / Vendor KB (paraphrased)
BSOD-003,BSOD,INACCESSIBLE_BOOT_DEVICE,INACCESSIBLE_BOOT_DEVICE,System crashes to BSOD with INACCESSIBLE_BOOT_DEVICE when starting application,Overheating or hardware incompatibility,"Check disk: `chkdsk /f /r`, and ensure backups",Boot into Safe Mode; run System File Checker: `sfc /scannow`,Update or roll back the suspected device driver via Device Manager,Reboot and confirm no BSOD occurs for multiple restarts; check Event Viewer for cleared error.,low,Microsoft Support / Vendor KB (paraphrased)
BSOD-004,BSOD,CRITICAL_STRUCTURE_CORRUPTION,CRITICAL_STRUCTURE_CORRUPTION,Crash with message CRITICAL_STRUCTURE_CORRUPTION during driver update,Faulty or outdated device driver,Run memory diagnostic (Windows Memory Diagnostic) and test RAM,Update or roll back the suspected device driver via Device Manager,Boot into Safe Mode; run System File Checker: `sfc /scannow`,Reboot and confirm no BSOD occurs for multiple restarts; check Event Viewer for cleared error.,low,Microsoft Support / Vendor KB (paraphrased)
BSOD-005,BSOD,THREAD_STUCK_IN_DEVICE_DRIVER,THREAD_STUCK_IN_DEVICE_DRIVER,Random restart and BSOD showing THREAD_STUCK_IN_DEVICE_DRIVER code THREAD_STUCK_IN_DEVICE_DRIVER,Bad RAM or memory corruption,Run DISM to repair component store: `DISM /Online /Cleanup-Image /RestoreHealth`,"Check disk: `chkdsk /f /r`, and ensure backups",Run memory diagnostic (Windows Memory Diagnostic) and test RAM,Reboot and confirm no BSOD occurs for multiple restarts; check Event Viewer for cleared error.,low,Microsoft Support / Vendor KB (paraphrased)
BSOD-006,BSOD,PAGE_FAULT_IN_NONPAGED_AREA,PAGE_FAULT_IN_NONPAGED_AREA,Crash with message PAGE_FAULT_IN_NONPAGED_AREA during driver update,Corrupted system files or recent update,Update or roll back the suspected device driver via Device Manager,"Check disk: `chkdsk /f /r`, and ensure backups",Run memory diagnostic (Windows Memory Diagnostic) and test RAM,Reboot and confirm no BSOD occurs for multiple restarts; check Event Viewer for cleared error.,medium,Microsoft Support / Vendor KB (paraphrased)
BSOD-007,BSOD,IRQL_NOT_LESS_OR_EQUAL,IRQL_NOT_LESS_OR_EQUAL,Crash with message IRQL_NOT_LESS_OR_EQUAL during driver update,Overheating or hardware incompatibility,Boot into Safe Mode; run System File Checker: `sfc /scannow`,Run memory diagnostic (Windows Memory Diagnostic) and test RAM,"Check disk: `chkdsk /f /r`, and ensure backups",Reboot and confirm no BSOD occurs for multiple restarts; check Event Viewer for cleared error.,high,Microsoft Support / Vendor KB (paraphrased)
BSOD-008,BSOD,BAD_POOL_HEADER,BAD_POOL_HEADER,Random restart and BSOD showing BAD_POOL_HEADER code BAD_POOL_HEADER,Overheating or hardware incompatibility,Run DISM to repair component store: `DISM /Online /Cleanup-Image /RestoreHealth`,Boot into Safe Mode; run System File Checker: `sfc /scannow`,Run memory diagnostic (Windows Memory Diagnostic) and test RAM,Reboot and confirm no BSOD occurs for multiple restarts; check Event Viewer for cleared error.,high,Microsoft Support / Vendor KB (paraphrased)
BSOD-009,BSOD,PFN_LIST_CORRUPT,PFN_LIST_CORRUPT,Random restart and BSOD showing PFN_LIST_CORRUPT code PFN_LIST_CORRUPT,Corrupted system files or recent update,Run DISM to repair component store: `DISM /Online /Cleanup-Image /RestoreHealth`,Boot into Safe Mode; run System File Checker: `sfc /scannow`,"Check disk: `chkdsk /f /r`, and ensure backups",Reboot and confirm no BSOD occurs for multiple restarts; check Event Viewer for cleared error.,medium,Microsoft Support / Vendor KB (paraphrased)
BSOD-010,BSOD,KMODE_EXCEPTION_NOT_HANDLED,KMODE_EXCEPTION_NOT_HANDLED,Random restart and BSOD showing KMODE_EXCEPTION_NOT_HANDLED code KMODE_EXCEPTION_NOT_HANDLED,Faulty or outdated device driver,Update or roll back the suspected device driver via Device Manager,"Check disk: `chkdsk /f /r`, and ensure backups",Boot into Safe Mode; run System File Checker: `sfc /scannow`,Reboot and confirm no BSOD occurs for multiple restarts; check Event Viewer for cleared error.,high,Microsoft Support / Vendor KB (paraphrased)
BSOD-011,BSOD,UNMOUNTABLE_BOOT_VOLUME,UNMOUNTABLE_BOOT_VOLUME,Blue screen displaying UNMOUNTABLE_BOOT_VOLUME (UNMOUNTABLE_BOOT_VOLUME) after boot,Overheating or hardware incompatibility,Run DISM to repair component store: `DISM /Online /Cleanup-Image /RestoreHealth`,"Check disk: `chkdsk /f /r`, and ensure backups",Boot into Safe Mode; run System File Checker: `sfc /scannow`,Reboot and confirm no BSOD occurs for multiple restarts; check Event Viewer for cleared error.,medium,Microsoft Support / Vendor KB (paraphrased)
BSOD-012,BSOD,DPC_WATCHDOG_VIOLATION,DPC_WATCHDOG_VIOLATION,Random restart and BSOD showing DPC_WATCHDOG_VIOLATION code DPC_WATCHDOG_VIOLATION,Overheating or hardware incompatibility,Run DISM to repair component store: `DISM /Online /Cleanup-Image /RestoreHealth`,Update or roll back the suspected device driver via Device Manager,Boot into Safe Mode; run System File Checker: `sfc /scannow`,Reboot and confirm no BSOD occurs for multiple restarts; check Event Viewer for cleared error.,low,Microsoft Support / Vendor KB (paraphrased)
BSOD-013,BSOD,IRQL_NOT_LESS_OR_EQUAL,IRQL_NOT_LESS_OR_EQUAL,Random restart and BSOD showing IRQL_NOT_LESS_OR_EQUAL code IRQL_NOT_LESS_OR_EQUAL,Disk errors or file system corruption,Update or roll back the suspected device driver via Device Manager,Boot into Safe Mode; run System File Checker: `sfc /scannow`,Run memory diagnostic (Windows Memory Diagnostic) and test RAM,Reboot and confirm no BSOD occurs for multiple restarts; check Event Viewer for cleared error.,high,Microsoft Support / Vendor KB (paraphrased)
BSOD-014,BSOD,DRIVER_IRQL_NOT_LESS_OR_EQUAL,DRIVER_IRQL_NOT_LESS_OR_EQUAL,System crashes to BSOD with DRIVER_IRQL_NOT_LESS_OR_EQUAL when starting application,Disk errors or file system corruption,Run memory diagnostic (Windows Memory Diagnostic) and test RAM,"Check disk: `chkdsk /f /r`, and ensure backups",Boot into Safe Mode; run System File Checker: `sfc /scannow`,Reboot and confirm no BSOD occurs for multiple restarts; check Event Viewer for cleared error.,medium,Microsoft Support / Vendor KB (paraphrased)
BSOD-015,BSOD,KERNEL_SECURITY_CHECK_FAILURE,KERNEL_SECURITY_CHECK_FAILURE,System crashes to BSOD with KERNEL_SECURITY_CHECK_FAILURE when starting application,Overheating or hardware incompatibility,"Check disk: `chkdsk /f /r`, and ensure backups",Update or roll back the suspected device driver via Device Manager,Run memory diagnostic (Windows Memory Diagnostic) and test RAM,Reboot and confirm no BSOD occurs for multiple restarts; check Event Viewer for cleared error.,high,Microsoft Support / Vendor KB (paraphrased)
BSOD-016,BSOD,THREAD_STUCK_IN_DEVICE_DRIVER,THREAD_STUCK_IN_DEVICE_DRIVER,Crash with message THREAD_STUCK_IN_DEVICE_DRIVER during driver update,Bad RAM or memory corruption,Run DISM to repair component store: `DISM /Online /Cleanup-Image /RestoreHealth`,"Check disk: `chkdsk /f /r`, and ensure backups",Update or roll back the suspected device driver via Device Manager,Reboot and confirm no BSOD occurs for multiple restarts; check Event Viewer for cleared error.,medium,Microsoft Support / Vendor KB (paraphrased)
BSOD-017,BSOD,PAGE_FAULT_IN_NONPAGED_AREA,PAGE_FAULT_IN_NONPAGED_AREA,Blue screen displaying PAGE_FAULT_IN_NONPAGED_AREA (PAGE_FAULT_IN_NONPAGED_AREA) after boot,Corrupted system files or recent update,Run DISM to repair component store: `DISM /Online /Cleanup-Image /RestoreHealth`,"Check disk: `chkdsk /f /r`, and ensure backups",Update or roll back the suspected device driver via Device Manager,Reboot and confirm no BSOD occurs for multiple restarts; check Event Viewer for cleared error.,medium,Microsoft Support / Vendor KB (paraphrased)
BSOD-018,BSOD,WHEA_UNCORRECTABLE_ERROR,WHEA_UNCORRECTABLE_ERROR,Blue screen displaying WHEA_UNCORRECTABLE_ERROR (WHEA_UNCORRECTABLE_ERROR) after boot,Disk errors or file system corruption,Run memory diagnostic (Windows Memory Diagnostic) and test RAM,"Check disk: `chkdsk /f /r`, and ensure backups",Update or roll back the suspected device driver via Device Manager,Reboot and confirm no BSOD occurs for multiple restarts; check Event Viewer for cleared error.,medium,Microsoft Support / Vendor KB (paraphrased)
BSOD-019,BSOD,CRITICAL_STRUCTURE_CORRUPTION,CRITICAL_STRUCTURE_CORRUPTION,Blue screen displaying CRITICAL_STRUCTURE_CORRUPTION (CRITICAL_STRUCTURE_CORRUPTION) after boot,Corrupted system files or recent update,"Check disk: `chkdsk /f /r`, and ensure backups",Update or roll back the suspected device driver via Device Manager,Run memory diagnostic (Windows Memory Diagnostic) and test RAM,Reboot and confirm no BSOD occurs for multiple restarts; check Event Viewer for cleared error.,medium,Microsoft Support / Vendor KB (paraphrased)
BSOD-020,BSOD,SYSTEM_SERVICE_EXCEPTION,SYSTEM_SERVICE_EXCEPTION,Random restart and BSOD showing SYSTEM_SERVICE_EXCEPTION code SYSTEM_SERVICE_EXCEPTION,Disk errors or file system corruption,Run DISM to repair component store: `DISM /Online /Cleanup-Image /RestoreHealth`,Run memory diagnostic (Windows Memory Diagnostic) and test RAM,Boot into Safe Mode; run System File Checker: `sfc /scannow`,Reboot and confirm no BSOD occurs for multiple restarts; check Event Viewer for cleared error.,high,Microsoft Support / Vendor KB (paraphrased)
BSOD-021,BSOD,UNMOUNTABLE_BOOT_VOLUME,UNMOUNTABLE_BOOT_VOLUME,System crashes to BSOD with UNMOUNTABLE_BOOT_VOLUME when starting application,Overheating or hardware incompatibility,Boot into Safe Mode; run System File Checker: `sfc /scannow`,Update or roll back the suspected device driver via Device Manager,Run memory diagnostic (Windows Memory Diagnostic) and test RAM,Reboot and confirm no BSOD occurs for multiple restarts; check Event Viewer for cleared error.,high,Microsoft Support / Vendor KB (paraphrased)
BSOD-022,BSOD,WHEA_UNCORRECTABLE_ERROR,WHEA_UNCORRECTABLE_ERROR,System crashes to BSOD with WHEA_UNCORRECTABLE_ERROR when starting application,Faulty or outdated device driver,Update or roll back the suspected device driver via Device Manager,Run DISM to repair component store: `DISM /Online /Cleanup-Image /RestoreHealth`,"Check disk: `chkdsk /f /r`, and ensure backups",Reboot and confirm no BSOD occurs for multiple restarts; check Event Viewer for cleared error.,high,Microsoft Support / Vendor KB (paraphrased)
BSOD-023,BSOD,Critical process died,CRITICAL_PROCESS_DIED,Random restart and BSOD showing Critical process died code CRITICAL_PROCESS_DIED,Disk errors or file system corruption,Boot into Safe Mode; run System File Checker: `sfc /scannow`,"Check disk: `chkdsk /f /r`, and ensure backups",Run DISM to repair component store: `DISM /Online /Cleanup-Image /RestoreHealth`,Reboot and confirm no BSOD occurs for multiple restarts; check Event Viewer for cleared error.,medium,Microsoft Support / Vendor KB (paraphrased)
BSOD-024,BSOD,PFN_LIST_CORRUPT,PFN_LIST_CORRUPT,Blue screen displaying PFN_LIST_CORRUPT (PFN_LIST_CORRUPT) after boot,Faulty or outdated device driver,"Check disk: `chkdsk /f /r`, and ensure backups",Boot into Safe Mode; run System File Checker: `sfc /scannow`,Run memory diagnostic (Windows Memory Diagnostic) and test RAM,Reboot and confirm no BSOD occurs for multiple restarts; check Event Viewer for cleared error.,high,Microsoft Support / Vendor KB (paraphrased)
BSOD-025,BSOD,VIDEO_TDR_FAILURE,VIDEO_TDR_FAILURE,Blue screen displaying VIDEO_TDR_FAILURE (VIDEO_TDR_FAILURE) after boot,Overheating or hardware incompatibility,Run DISM to repair component store: `DISM /Online /Cleanup-Image /RestoreHealth`,"Check disk: `chkdsk /f /r`, and ensure backups",Update or roll back the suspected device driver via Device Manager,Reboot and confirm no BSOD occurs for multiple restarts; check Event Viewer for cleared error.,medium,Microsoft Support / Vendor KB (paraphrased)
BSOD-026,BSOD,CRITICAL_STRUCTURE_CORRUPTION,CRITICAL_STRUCTURE_CORRUPTION,System crashes to BSOD with CRITICAL_STRUCTURE_CORRUPTION when starting application,Bad RAM or memory corruption,"Check disk: `chkdsk /f /r`, and ensure backups",Run memory diagnostic (Windows Memory Diagnostic) and test RAM,Boot into Safe Mode; run System File Checker: `sfc /scannow`,Reboot and confirm no BSOD occurs for multiple restarts; check Event Viewer for cleared error.,high,Microsoft Support / Vendor KB (paraphrased)
BSOD-027,BSOD,INACCESSIBLE_BOOT_DEVICE,INACCESSIBLE_BOOT_DEVICE,Random restart and BSOD showing INACCESSIBLE_BOOT_DEVICE code INACCESSIBLE_BOOT_DEVICE,Disk errors or file system corruption,Update or roll back the suspected device driver via Device Manager,Run memory diagnostic (Windows Memory Diagnostic) and test RAM,"Check disk: `chkdsk /f /r`, and ensure backups",Reboot and confirm no BSOD occurs for multiple restarts; check Event Viewer for cleared error.,medium,Microsoft Support / Vendor KB (paraphrased)
BSOD-028,BSOD,SYSTEM_SERVICE_EXCEPTION,SYSTEM_SERVICE_EXCEPTION,System crashes to BSOD with SYSTEM_SERVICE_EXCEPTION when starting application,Faulty or outdated device driver,Boot into Safe Mode; run System File Checker: `sfc /scannow`,Update or roll back the suspected device driver via Device Manager,"Check disk: `chkdsk /f /r`, and ensure backups",Reboot and confirm no BSOD occurs for multiple restarts; check Event Viewer for cleared error.,high,Microsoft Support / Vendor KB (paraphrased)
BSOD-029,BSOD,CRITICAL_STRUCTURE_CORRUPTION,CRITICAL_STRUCTURE_CORRUPTION,System crashes to BSOD with CRITICAL_STRUCTURE_CORRUPTION when starting application,Overheating or hardware incompatibility,Run DISM to repair component store: `DISM /Online /Cleanup-Image /RestoreHealth`,Boot into Safe Mode; run System File Checker: `sfc /scannow`,Run memory diagnostic (Windows Memory Diagnostic) and test RAM,Reboot and confirm no BSOD occurs for multiple restarts; check Event Viewer for cleared error.,high,Microsoft Support / Vendor KB (paraphrased)
BSOD-030,BSOD,IRQL_NOT_LESS_OR_EQUAL,IRQL_NOT_LESS_OR_EQUAL,System crashes to BSOD with IRQL_NOT_LESS_OR_EQUAL when starting application,Corrupted system files or recent update,Boot into Safe Mode; run System File Checker: `sfc /scannow`,Update or roll back the suspected device driver via Device Manager,"Check disk: `chkdsk /f /r`, and ensure backups",Reboot and confirm no BSOD occurs for multiple restarts; check Event Viewer for cleared error.,high,Microsoft Support / Vendor KB (paraphrased)
BSOD-031,BSOD,PFN_LIST_CORRUPT,PFN_LIST_CORRUPT,Random restart and BSOD showing PFN_LIST_CORRUPT code PFN_LIST_CORRUPT,Disk errors or file system corruption,Run DISM to repair component store: `DISM /Online /Cleanup-Image /RestoreHealth`,"Check disk: `chkdsk /f /r`, and ensure backups",Update or roll back the suspected device driver via Device Manager,Reboot and confirm no BSOD occurs for multiple restarts; check Event Viewer for cleared error.,high,Microsoft Support / Vendor KB (paraphrased)
BSOD-032,BSOD,DRIVER_POWER_STATE_FAILURE,DRIVER_POWER_STATE_FAILURE,Crash with message DRIVER_POWER_STATE_FAILURE during driver update,Faulty or outdated device driver,Run memory diagnostic (Windows Memory Diagnostic) and test RAM,"Check disk: `chkdsk /f /r`, and ensure backups",Boot into Safe Mode; run System File Checker: `sfc /scannow`,Reboot and confirm no BSOD occurs for multiple restarts; check Event Viewer for cleared error.,low,Microsoft Support / Vendor KB (paraphrased)
BSOD-033,BSOD,SYSTEM_SERVICE_EXCEPTION,SYSTEM_SERVICE_EXCEPTION,Crash with message SYSTEM_SERVICE_EXCEPTION during driver update,Bad RAM or memory corruption,Run memory diagnostic (Windows Memory Diagnostic) and test RAM,"Check disk: `chkdsk /f /r`, and ensure backups",Run DISM to repair component store: `DISM /Online /Cleanup-Image /RestoreHealth`,Reboot and confirm no BSOD occurs for multiple restarts; check Event Viewer for cleared error.,high,Microsoft Support / Vendor KB (paraphrased)
BSOD-034,BSOD,IRQL_NOT_LESS_OR_EQUAL,IRQL_NOT_LESS_OR_EQUAL,Blue screen displaying IRQL_NOT_LESS_OR_EQUAL (IRQL_NOT_LESS_OR_EQUAL) after boot,Corrupted system files or recent update,Run memory diagnostic (Windows Memory Diagnostic) and test RAM,Update or roll back the suspected device driver via Device Manager,Boot into Safe Mode; run System File Checker: `sfc /scannow`,Reboot and confirm no BSOD occurs for multiple restarts; check Event Viewer for cleared error.,low,Microsoft Support / Vendor KB (paraphrased)
BSOD-035,BSOD,INACCESSIBLE_BOOT_DEVICE,INACCESSIBLE_BOOT_DEVICE,System crashes to BSOD with INACCESSIBLE_BOOT_DEVICE when starting application,Overheating or hardware incompatibility,Run memory diagnostic (Windows Memory Diagnostic) and test RAM,Run DISM to repair component store: `DISM /Online /Cleanup-Image /RestoreHealth`,"Check disk: `chkdsk /f /r`, and ensure backups",Reboot and confirm no BSOD occurs for multiple restarts; check Event Viewer for cleared error.,low,Microsoft Support / Vendor KB (paraphrased)
BSOD-036,BSOD,UNMOUNTABLE_BOOT_VOLUME,UNMOUNTABLE_BOOT_VOLUME,Crash with message UNMOUNTABLE_BOOT_VOLUME during driver update,Faulty or outdated device driver,Boot into Safe Mode; run System File Checker: `sfc /scannow`,Run memory diagnostic (Windows Memory Diagnostic) and test RAM,Update or roll back the suspected device driver via Device Manager,Reboot and confirm no BSOD occurs for multiple restarts; check Event Viewer for cleared error.,low,Microsoft Support / Vendor KB (paraphrased)
BSOD-037,BSOD,IRQL_NOT_LESS_OR_EQUAL,IRQL_NOT_LESS_OR_EQUAL,Blue screen displaying IRQL_NOT_LESS_OR_EQUAL (IRQL_NOT_LESS_OR_EQUAL) after boot,Corrupted system files or recent update,Run DISM to repair component store: `DISM /Online /Cleanup-Image /RestoreHealth`,"Check disk: `chkdsk /f /r`, and ensure backups",Run memory diagnostic (Windows Memory Diagnostic) and test RAM,Reboot and confirm no BSOD occurs for multiple restarts; check Event Viewer for cleared error.,medium,Microsoft Support / Vendor KB (paraphrased)
BSOD-038,BSOD,VIDEO_TDR_FAILURE,VIDEO_TDR_FAILURE,System crashes to BSOD with VIDEO_TDR_FAILURE when starting application,Disk errors or file system corruption,Boot into Safe Mode; run System File Checker: `sfc /scannow`,Run DISM to repair component store: `DISM /Online /Cleanup-Image /RestoreHealth`,Run memory diagnostic (Windows Memory Diagnostic) and test RAM,Reboot and confirm no BSOD occurs for multiple restarts; check Event Viewer for cleared error.,low,Microsoft Support / Vendor KB (paraphrased)
BSOD-039,BSOD,DPC_WATCHDOG_VIOLATION,DPC_WATCHDOG_VIOLATION,Random restart and BSOD showing DPC_WATCHDOG_VIOLATION code DPC_WATCHDOG_VIOLATION,Disk errors or file system corruption,Update or roll back the suspected device driver via Device Manager,Run memory diagnostic (Windows Memory Diagnostic) and test RAM,"Check disk: `chkdsk /f /r`, and ensure backups",Reboot and confirm no BSOD occurs for multiple restarts; check Event Viewer for cleared error.,high,Microsoft Support / Vendor KB (paraphrased)
BSOD-040,BSOD,CRITICAL_STRUCTURE_CORRUPTION,CRITICAL_STRUCTURE_CORRUPTION,Crash with message CRITICAL_STRUCTURE_CORRUPTION during driver update,Faulty or outdated device driver,Run DISM to repair component store: `DISM /Online /Cleanup-Image /RestoreHealth`,Update or roll back the suspected device driver via Device Manager,Boot into Safe Mode; run System File Checker: `sfc /scannow`,Reboot and confirm no BSOD occurs for multiple restarts; check Event Viewer for cleared error.,low,Microsoft Support / Vendor KB (paraphrased)
BSOD-041,BSOD,DRIVER_POWER_STATE_FAILURE,DRIVER_POWER_STATE_FAILURE,Blue screen displaying DRIVER_POWER_STATE_FAILURE (DRIVER_POWER_STATE_FAILURE) after boot,Bad RAM or memory corruption,Boot into Safe Mode; run System File Checker: `sfc /scannow`,"Check disk: `chkdsk /f /r`, and ensure backups",Update or roll back the suspected device driver via Device Manager,Reboot and confirm no BSOD occurs for multiple restarts; check Event Viewer for cleared error.,medium,Microsoft Support / Vendor KB (paraphrased)
BSOD-042,BSOD,NTFS_FILE_SYSTEM,NTFS_FILE_SYSTEM,System crashes to BSOD with NTFS_FILE_SYSTEM when starting application,Corrupted system files or recent update,"Check disk: `chkdsk /f /r`, and ensure backups",Boot into Safe Mode; run System File Checker: `sfc /scannow`,Run memory diagnostic (Windows Memory Diagnostic) and test RAM,Reboot and confirm no BSOD occurs for multiple restarts; check Event Viewer for cleared error.,low,Microsoft Support / Vendor KB (paraphrased)
BSOD-043,BSOD,WHEA_UNCORRECTABLE_ERROR,WHEA_UNCORRECTABLE_ERROR,Blue screen displaying WHEA_UNCORRECTABLE_ERROR (WHEA_UNCORRECTABLE_ERROR) after boot,Faulty or outdated device driver,Run memory diagnostic (Windows Memory Diagnostic) and test RAM,Boot into Safe Mode; run System File Checker: `sfc /scannow`,Update or roll back the suspected device driver via Device Manager,Reboot and confirm no BSOD occurs for multiple restarts; check Event Viewer for cleared error.,low,Microsoft Support / Vendor KB (paraphrased)
BSOD-044,BSOD,DRIVER_POWER_STATE_FAILURE,DRIVER_POWER_STATE_FAILURE,Blue screen displaying DRIVER_POWER_STATE_FAILURE (DRIVER_POWER_STATE_FAILURE) after boot,Overheating or hardware incompatibility,Boot into Safe Mode; run System File Checker: `sfc /scannow`,Run memory diagnostic (Windows Memory Diagnostic) and test RAM,Update or roll back the suspected device driver via Device Manager,Reboot and confirm no BSOD occurs for multiple restarts; check Event Viewer for cleared error.,high,Microsoft Support / Vendor KB (paraphrased)
BSOD-045,BSOD,DRIVER_POWER_STATE_FAILURE,DRIVER_POWER_STATE_FAILURE,Random restart and BSOD showing DRIVER_POWER_STATE_FAILURE code DRIVER_POWER_STATE_FAILURE,Bad RAM or memory corruption,Run DISM to repair component store: `DISM /Online /Cleanup-Image /RestoreHealth`,Update or roll back the suspected device driver via Device Manager,Boot into Safe Mode; run System File Checker: `sfc /scannow`,Reboot and confirm no BSOD occurs for multiple restarts; check Event Viewer for cleared error.,medium,Microsoft Support / Vendor KB (paraphrased)
BSOD-046,BSOD,DPC_WATCHDOG_VIOLATION,DPC_WATCHDOG_VIOLATION,System crashes to BSOD with DPC_WATCHDOG_VIOLATION when starting application,Bad RAM or memory corruption,Run memory diagnostic (Windows Memory Diagnostic) and test RAM,Update or roll back the suspected device driver via Device Manager,Boot into Safe Mode; run System File Checker: `sfc /scannow`,Reboot and confirm no BSOD occurs for multiple restarts; check Event Viewer for cleared error.,low,Microsoft Support / Vendor KB (paraphrased)
BSOD-047,BSOD,KMODE_EXCEPTION_NOT_HANDLED,KMODE_EXCEPTION_NOT_HANDLED,Blue screen displaying KMODE_EXCEPTION_NOT_HANDLED (KMODE_EXCEPTION_NOT_HANDLED) after boot,Corrupted system files or recent update,"Check disk: `chkdsk /f /r`, and ensure backups",Run DISM to repair component store: `DISM /Online /Cleanup-Image /RestoreHealth`,Update or roll back the suspected device driver via Device Manager,Reboot and confirm no BSOD occurs for multiple restarts; check Event Viewer for cleared error.,medium,Microsoft Support / Vendor KB (paraphrased)
BSOD-048,BSOD,KERNEL_SECURITY_CHECK_FAILURE,KERNEL_SECURITY_CHECK_FAILURE,Random restart and BSOD showing KERNEL_SECURITY_CHECK_FAILURE code KERNEL_SECURITY_CHECK_FAILURE,Corrupted system files or recent update,Run DISM to repair component store: `DISM /Online /Cleanup-Image /RestoreHealth`,Update or roll back the suspected device driver via Device Manager,"Check disk: `chkdsk /f /r`, and ensure backups",Reboot and confirm no BSOD occurs for multiple restarts; check Event Viewer for cleared error.,low,Microsoft Support / Vendor KB (paraphrased)
BSOD-049,BSOD,KMODE_EXCEPTION_NOT_HANDLED,KMODE_EXCEPTION_NOT_HANDLED,Random restart and BSOD showing KMODE_EXCEPTION_NOT_HANDLED code KMODE_EXCEPTION_NOT_HANDLED,Overheating or hardware incompatibility,"Check disk: `chkdsk /f /r`, and ensure backups",Boot into Safe Mode; run System File Checker: `sfc /scannow`,Update or roll back the suspected device driver via Device Manager,Reboot and confirm no BSOD occurs for multiple restarts; check Event Viewer for cleared error.,high,Microsoft Support / Vendor KB (paraphrased)
BSOD-050,BSOD,BAD_POOL_HEADER,BAD_POOL_HEADER,Blue screen displaying BAD_POOL_HEADER (BAD_POOL_HEADER) after boot,Faulty or outdated device driver,Update or roll back the suspected device driver via Device Manager,Boot into Safe Mode; run System File Checker: `sfc /scannow`,Run memory diagnostic (Windows Memory Diagnostic) and test RAM,Reboot and confirm no BSOD occurs for multiple restarts; check Event Viewer for cleared error.,high,Microsoft Support / Vendor KB (paraphrased)
BSOD-051,BSOD,CRITICAL_STRUCTURE_CORRUPTION,CRITICAL_STRUCTURE_CORRUPTION,System crashes to BSOD with CRITICAL_STRUCTURE_CORRUPTION when starting application,Bad RAM or memory corruption,Update or roll back the suspected device driver via Device Manager,Run DISM to repair component store: `DISM /Online /Cleanup-Image /RestoreHealth`,"Check disk: `chkdsk /f /r`, and ensure backups",Reboot and confirm no BSOD occurs for multiple restarts; check Event Viewer for cleared error.,medium,Microsoft Support / Vendor KB (paraphrased)
BSOD-052,BSOD,INACCESSIBLE_BOOT_DEVICE,INACCESSIBLE_BOOT_DEVICE,Random restart and BSOD showing INACCESSIBLE_BOOT_DEVICE code INACCESSIBLE_BOOT_DEVICE,Overheating or hardware incompatibility,Run memory diagnostic (Windows Memory Diagnostic) and test RAM,Update or roll back the suspected device driver via Device Manager,Boot into Safe Mode; run System File Checker: `sfc /scannow`,Reboot and confirm no BSOD occurs for multiple restarts; check Event Viewer for cleared error.,low,Microsoft Support / Vendor KB (paraphrased)
BSOD-053,BSOD,THREAD_STUCK_IN_DEVICE_DRIVER,THREAD_STUCK_IN_DEVICE_DRIVER,Random restart and BSOD showing THREAD_STUCK_IN_DEVICE_DRIVER code THREAD_STUCK_IN_DEVICE_DRIVER,Corrupted system files or recent update,Boot into Safe Mode; run System File Checker: `sfc /scannow`,Update or roll back the suspected device driver via Device Manager,"Check disk: `chkdsk /f /r`, and ensure backups",Reboot and confirm no BSOD occurs for multiple restarts; check Event Viewer for cleared error.,high,Microsoft Support / Vendor KB (paraphrased)
BSOD-054,BSOD,UNMOUNTABLE_BOOT_VOLUME,UNMOUNTABLE_BOOT_VOLUME,System crashes to BSOD with UNMOUNTABLE_BOOT_VOLUME when starting application,Disk errors or file system corruption,"Check disk: `chkdsk /f /r`, and ensure backups",Run memory diagnostic (Windows Memory Diagnostic) and test RAM,Update or roll back the suspected device driver via Device Manager,Reboot and confirm no BSOD occurs for multiple restarts; check Event Viewer for cleared error.,low,Microsoft Support / Vendor KB (paraphrased)
BSOD-055,BSOD,SYSTEM_SERVICE_EXCEPTION,SYSTEM_SERVICE_EXCEPTION,Blue screen displaying SYSTEM_SERVICE_EXCEPTION (SYSTEM_SERVICE_EXCEPTION) after boot,Faulty or outdated device driver,"Check disk: `chkdsk /f /r`, and ensure backups",Boot into Safe Mode; run System File Checker: `sfc /scannow`,Run DISM to repair component store: `DISM /Online /Cleanup-Image /RestoreHealth`,Reboot and confirm no BSOD occurs for multiple restarts; check Event Viewer for cleared error.,high,Microsoft Support / Vendor KB (paraphrased)
BSOD-056,BSOD,CRITICAL_STRUCTURE_CORRUPTION,CRITICAL_STRUCTURE_CORRUPTION,System crashes to BSOD with CRITICAL_STRUCTURE_CORRUPTION when starting application,Disk errors or file system corruption,Run DISM to repair component store: `DISM /Online /Cleanup-Image /RestoreHealth`,Boot into Safe Mode; run System File Checker: `sfc /scannow`,"Check disk: `chkdsk /f /r`, and ensure backups",Reboot and confirm no BSOD occurs for multiple restarts; check Event Viewer for cleared error.,medium,Microsoft Support / Vendor KB (paraphrased)
BSOD-057,BSOD,IRQL_NOT_LESS_OR_EQUAL,IRQL_NOT_LESS_OR_EQUAL,Random restart and BSOD showing IRQL_NOT_LESS_OR_EQUAL code IRQL_NOT_LESS_OR_EQUAL,Faulty or outdated device driver,Run DISM to repair component store: `DISM /Online /Cleanup-Image /RestoreHealth`,Boot into Safe Mode; run System File Checker: `sfc /scannow`,"Check disk: `chkdsk /f /r`, and ensure backups",Reboot and confirm no BSOD occurs for multiple restarts; check Event Viewer for cleared error.,high,Microsoft Support / Vendor KB (paraphrased)
BSOD-058,BSOD,THREAD_STUCK_IN_DEVICE_DRIVER,THREAD_STUCK_IN_DEVICE_DRIVER,System crashes to BSOD with THREAD_STUCK_IN_DEVICE_DRIVER when starting application,Faulty or outdated device driver,Run DISM to repair component store: `DISM /Online /Cleanup-Image /RestoreHealth`,"Check disk: `chkdsk /f /r`, and ensure backups",Run memory diagnostic (Windows Memory Diagnostic) and test RAM,Reboot and confirm no BSOD occurs for multiple restarts; check Event Viewer for cleared error.,low,Microsoft Support / Vendor KB (paraphrased)
BSOD-059,BSOD,MEMORY_MANAGEMENT,MEMORY_MANAGEMENT,Random restart and BSOD showing MEMORY_MANAGEMENT code MEMORY_MANAGEMENT,Disk errors or file system corruption,Run DISM to repair component store: `DISM /Online /Cleanup-Image /RestoreHealth`,Update or roll back the suspected device driver via Device Manager,Boot into Safe Mode; run System File Checker: `sfc /scannow`,Reboot and confirm no BSOD occurs for multiple restarts; check Event Viewer for cleared error.,high,Microsoft Support / Vendor KB (paraphrased)
BSOD-060,BSOD,SYSTEM_SERVICE_EXCEPTION,SYSTEM_SERVICE_EXCEPTION,Crash with message SYSTEM_SERVICE_EXCEPTION during driver update,Corrupted system files or recent update,Run memory diagnostic (Windows Memory Diagnostic) and test RAM,Run DISM to repair component store: `DISM /Online /Cleanup-Image /RestoreHealth`,Boot into Safe Mode; run System File Checker: `sfc /scannow`,Reboot and confirm no BSOD occurs for multiple restarts; check Event Viewer for cleared error.,medium,Microsoft Support / Vendor KB (paraphrased)
BSOD-061,BSOD,SYSTEM_THREAD_EXCEPTION_NOT_HANDLED,SYSTEM_THREAD_EXCEPTION_NOT_HANDLED,Random restart and BSOD showing SYSTEM_THREAD_EXCEPTION_NOT_HANDLED code SYSTEM_THREAD_EXCEPTION_NOT_HANDLED,Faulty or outdated device driver,Run DISM to repair component store: `DISM /Online /Cleanup-Image /RestoreHealth`,Boot into Safe Mode; run System File Checker: `sfc /scannow`,Update or roll back the suspected device driver via Device Manager,Reboot and confirm no BSOD occurs for multiple restarts; check Event Viewer for cleared error.,low,Microsoft Support / Vendor KB (paraphrased)
BSOD-062,BSOD,DPC_WATCHDOG_VIOLATION,DPC_WATCHDOG_VIOLATION,Random restart and BSOD showing DPC_WATCHDOG_VIOLATION code DPC_WATCHDOG_VIOLATION,Bad RAM or memory corruption,Boot into Safe Mode; run System File Checker: `sfc /scannow`,Update or roll back the suspected device driver via Device Manager,Run DISM to repair component store: `DISM /Online /Cleanup-Image /RestoreHealth`,Reboot and confirm no BSOD occurs for multiple restarts; check Event Viewer for cleared error.,high,Microsoft Support / Vendor KB (paraphrased)
BSOD-063,BSOD,NTFS_FILE_SYSTEM,NTFS_FILE_SYSTEM,Crash with message NTFS_FILE_SYSTEM during driver update,Overheating or hardware incompatibility,Update or roll back the suspected device driver via Device Manager,Boot into Safe Mode; run System File Checker: `sfc /scannow`,Run memory diagnostic (Windows Memory Diagnostic) and test RAM,Reboot and confirm no BSOD occurs for multiple restarts; check Event Viewer for cleared error.,medium,Microsoft Support / Vendor KB (paraphrased)
BSOD-064,BSOD,MEMORY_MANAGEMENT,MEMORY_MANAGEMENT,Random restart and BSOD showing MEMORY_MANAGEMENT code MEMORY_MANAGEMENT,Corrupted system files or recent update,Boot into Safe Mode; run System File Checker: `sfc /scannow`,Run memory diagnostic (Windows Memory Diagnostic) and test RAM,Run DISM to repair component store: `DISM /Online /Cleanup-Image /RestoreHealth`,Reboot and confirm no BSOD occurs for multiple restarts; check Event Viewer for cleared error.,high,Microsoft Support / Vendor KB (paraphrased)
BSOD-065,BSOD,DRIVER_IRQL_NOT_LESS_OR_EQUAL,DRIVER_IRQL_NOT_LESS_OR_EQUAL,Crash with message DRIVER_IRQL_NOT_LESS_OR_EQUAL during driver update,Overheating or hardware incompatibility,"Check disk: `chkdsk /f /r`, and ensure backups",Boot into Safe Mode; run System File Checker: `sfc /scannow`,Run DISM to repair component store: `DISM /Online /Cleanup-Image /RestoreHealth`,Reboot and confirm no BSOD occurs for multiple restarts; check Event Viewer for cleared error.,high,Microsoft Support / Vendor KB (paraphrased)
BSOD-066,BSOD,INACCESSIBLE_BOOT_DEVICE,INACCESSIBLE_BOOT_DEVICE,Random restart and BSOD showing INACCESSIBLE_BOOT_DEVICE code INACCESSIBLE_BOOT_DEVICE,Corrupted system files or recent update,Run memory diagnostic (Windows Memory Diagnostic) and test RAM,Boot into Safe Mode; run System File Checker: `sfc /scannow`,Update or roll back the suspected device driver via Device Manager,Reboot and confirm no BSOD occurs for multiple restarts; check Event Viewer for cleared error.,high,Microsoft Support / Vendor KB (paraphrased)
BSOD-067,BSOD,INACCESSIBLE_BOOT_DEVICE,INACCESSIBLE_BOOT_DEVICE,Random restart and BSOD showing INACCESSIBLE_BOOT_DEVICE code INACCESSIBLE_BOOT_DEVICE,Disk errors or file system corruption,Boot into Safe Mode; run System File Checker: `sfc /scannow`,Update or roll back the suspected device driver via Device Manager,Run memory diagnostic (Windows Memory Diagnostic) and test RAM,Reboot and confirm no BSOD occurs for multiple restarts; check Event Viewer for cleared error.,medium,Microsoft Support / Vendor KB (paraphrased)
BSOD-068,BSOD,SYSTEM_SERVICE_EXCEPTION,SYSTEM_SERVICE_EXCEPTION,Random restart and BSOD showing SYSTEM_SERVICE_EXCEPTION code SYSTEM_SERVICE_EXCEPTION,Overheating or hardware incompatibility,Update or roll back the suspected device driver via Device Manager,Run memory diagnostic (Windows Memory Diagnostic) and test RAM,Run DISM to repair component store: `DISM /Online /Cleanup-Image /RestoreHealth`,Reboot and confirm no BSOD occurs for multiple restarts; check Event Viewer for cleared error.,medium,Microsoft Support / Vendor KB (paraphrased)
BSOD-069,BSOD,BAD_POOL_HEADER,BAD_POOL_HEADER,System crashes to BSOD with BAD_POOL_HEADER when starting application,Faulty or outdated device driver,Run memory diagnostic (Windows Memory Diagnostic) and test RAM,"Check disk: `chkdsk /f /r`, and ensure backups",Update or roll back the suspected device driver via Device Manager,Reboot and confirm no BSOD occurs for multiple restarts; check Event Viewer for cleared error.,high,Microsoft Support / Vendor KB (paraphrased)
BSOD-070,BSOD,MEMORY_MANAGEMENT,MEMORY_MANAGEMENT,Random restart and BSOD showing MEMORY_MANAGEMENT code MEMORY_MANAGEMENT,Disk errors or file system corruption,"Check disk: `chkdsk /f /r`, and ensure backups",Boot into Safe Mode; run System File Checker: `sfc /scannow`,Run DISM to repair component store: `DISM /Online /Cleanup-Image /RestoreHealth`,Reboot and confirm no BSOD occurs for multiple restarts; check Event Viewer for cleared error.,medium,Microsoft Support / Vendor KB (paraphrased)
BSOD-071,BSOD,INACCESSIBLE_BOOT_DEVICE,INACCESSIBLE_BOOT_DEVICE,Crash with message INACCESSIBLE_BOOT_DEVICE during driver update,Overheating or hardware incompatibility,"Check disk: `chkdsk /f /r`, and ensure backups",Update or roll back the suspected device driver via Device Manager,Run DISM to repair component store: `DISM /Online /Cleanup-Image /RestoreHealth`,Reboot and confirm no BSOD occurs for multiple restarts; check Event Viewer for cleared error.,medium,Microsoft Support / Vendor KB (paraphrased)
BSOD-072,BSOD,KMODE_EXCEPTION_NOT_HANDLED,KMODE_EXCEPTION_NOT_HANDLED,System crashes to BSOD with KMODE_EXCEPTION_NOT_HANDLED when starting application,Overheating or hardware incompatibility,Run memory diagnostic (Windows Memory Diagnostic) and test RAM,Run DISM to repair component store: `DISM /Online /Cleanup-Image /RestoreHealth`,Update or roll back the suspected device driver via Device Manager,Reboot and confirm no BSOD occurs for multiple restarts; check Event Viewer for cleared error.,low,Microsoft Support / Vendor KB (paraphrased)
BSOD-073,BSOD,BAD_POOL_HEADER,BAD_POOL_HEADER,Random restart and BSOD showing BAD_POOL_HEADER code BAD_POOL_HEADER,Corrupted system files or recent update,Run DISM to repair component store: `DISM /Online /Cleanup-Image /RestoreHealth`,Update or roll back the suspected device driver via Device Manager,Boot into Safe Mode; run System File Checker: `sfc /scannow`,Reboot and confirm no BSOD occurs for multiple restarts; check Event Viewer for cleared error.,low,Microsoft Support / Vendor KB (paraphrased)
BSOD-074,BSOD,KERNEL_SECURITY_CHECK_FAILURE,KERNEL_SECURITY_CHECK_FAILURE,Blue screen displaying KERNEL_SECURITY_CHECK_FAILURE (KERNEL_SECURITY_CHECK_FAILURE) after boot,Corrupted system files or recent update,Run DISM to repair component store: `DISM /Online /Cleanup-Image /RestoreHealth`,Run memory diagnostic (Windows Memory Diagnostic) and test RAM,Update or roll back the suspected device driver via Device Manager,Reboot and confirm no BSOD occurs for multiple restarts; check Event Viewer for cleared error.,low,Microsoft Support / Vendor KB (paraphrased)
BSOD-075,BSOD,KMODE_EXCEPTION_NOT_HANDLED,KMODE_EXCEPTION_NOT_HANDLED,Crash with message KMODE_EXCEPTION_NOT_HANDLED during driver update,Overheating or hardware incompatibility,Run DISM to repair component store: `DISM /Online /Cleanup-Image /RestoreHealth`,Run memory diagnostic (Windows Memory Diagnostic) and test RAM,"Check disk: `chkdsk /f /r`, and ensure backups",Reboot and confirm no BSOD occurs for multiple restarts; check Event Viewer for cleared error.,medium,Microsoft Support / Vendor KB (paraphrased)
BSOD-076,BSOD,PFN_LIST_CORRUPT,PFN_LIST_CORRUPT,System crashes to BSOD with PFN_LIST_CORRUPT when starting application,Corrupted system files or recent update,Boot into Safe Mode; run System File Checker: `sfc /scannow`,Run memory diagnostic (Windows Memory Diagnostic) and test RAM,"Check disk: `chkdsk /f /r`, and ensure backups",Reboot and confirm no BSOD occurs for multiple restarts; check Event Viewer for cleared error.,low,Microsoft Support / Vendor KB (paraphrased)
BSOD-077,BSOD,NTFS_FILE_SYSTEM,NTFS_FILE_SYSTEM,Crash with message NTFS_FILE_SYSTEM during driver update,Corrupted system files or recent update,"Check disk: `chkdsk /f /r`, and ensure backups",Run DISM to repair component store: `DISM /Online /Cleanup-Image /RestoreHealth`,Boot into Safe Mode; run System File Checker: `sfc /scannow`,Reboot and confirm no BSOD occurs for multiple restarts; check Event Viewer for cleared error.,medium,Microsoft Support / Vendor KB (paraphrased)
BSOD-078,BSOD,KERNEL_SECURITY_CHECK_FAILURE,KERNEL_SECURITY_CHECK_FAILURE,Crash with message KERNEL_SECURITY_CHECK_FAILURE during driver update,Overheating or hardware incompatibility,"Check disk: `chkdsk /f /r`, and ensure backups",Update or roll back the suspected device driver via Device Manager,Run DISM to repair component store: `DISM /Online /Cleanup-Image /RestoreHealth`,Reboot and confirm no BSOD occurs for multiple restarts; check Event Viewer for cleared error.,high,Microsoft Support / Vendor KB (paraphrased)
BSOD-079,BSOD,NTFS_FILE_SYSTEM,NTFS_FILE_SYSTEM,Crash with message NTFS_FILE_SYSTEM during driver update,Overheating or hardware incompatibility,Run memory diagnostic (Windows Memory Diagnostic) and test RAM,Run DISM to repair component store: `DISM /Online /Cleanup-Image /RestoreHealth`,Update or roll back the suspected device driver via Device Manager,Reboot and confirm no BSOD occurs for multiple restarts; check Event Viewer for cleared error.,medium,Microsoft Support / Vendor KB (paraphrased)
BSOD-080,BSOD,KMODE_EXCEPTION_NOT_HANDLED,KMODE_EXCEPTION_NOT_HANDLED,Random restart and BSOD showing KMODE_EXCEPTION_NOT_HANDLED code KMODE_EXCEPTION_NOT_HANDLED,Faulty or outdated device driver,Update or roll back the suspected device driver via Device Manager,Run memory diagnostic (Windows Memory Diagnostic) and test RAM,"Check disk: `chkdsk /f /r`, and ensure backups",Reboot and confirm no BSOD occurs for multiple restarts; check Event Viewer for cleared error.,low,Microsoft Support / Vendor KB (paraphrased)
BSOD-081,BSOD,UNMOUNTABLE_BOOT_VOLUME,UNMOUNTABLE_BOOT_VOLUME,Crash with message UNMOUNTABLE_BOOT_VOLUME during driver update,Corrupted system files or recent update,Update or roll back the suspected device driver via Device Manager,Run DISM to repair component store: `DISM /Online /Cleanup-Image /RestoreHealth`,Run memory diagnostic (Windows Memory Diagnostic) and test RAM,Reboot and confirm no BSOD occurs for multiple restarts; check Event Viewer for cleared error.,medium,Microsoft Support / Vendor KB (paraphrased)
BSOD-082,BSOD,DRIVER_IRQL_NOT_LESS_OR_EQUAL,DRIVER_IRQL_NOT_LESS_OR_EQUAL,Blue screen displaying DRIVER_IRQL_NOT_LESS_OR_EQUAL (DRIVER_IRQL_NOT_LESS_OR_EQUAL) after boot,Faulty or outdated device driver,Run DISM to repair component store: `DISM /Online /Cleanup-Image /RestoreHealth`,"Check disk: `chkdsk /f /r`, and ensure backups",Run memory diagnostic (Windows Memory Diagnostic) and test RAM,Reboot and confirm no BSOD occurs for multiple restarts; check Event Viewer for cleared error.,high,Microsoft Support / Vendor KB (paraphrased)
BSOD-083,BSOD,KERNEL_SECURITY_CHECK_FAILURE,KERNEL_SECURITY_CHECK_FAILURE,System crashes to BSOD with KERNEL_SECURITY_CHECK_FAILURE when starting application,Corrupted system files or recent update,Run memory diagnostic (Windows Memory Diagnostic) and test RAM,"Check disk: `chkdsk /f /r`, and ensure backups",Run DISM to repair component store: `DISM /Online /Cleanup-Image /RestoreHealth`,Reboot and confirm no BSOD occurs for multiple restarts; check Event Viewer for cleared error.,high,Microsoft Support / Vendor KB (paraphrased)
BSOD-084,BSOD,KMODE_EXCEPTION_NOT_HANDLED,KMODE_EXCEPTION_NOT_HANDLED,Crash with message KMODE_EXCEPTION_NOT_HANDLED during driver update,Corrupted system files or recent update,Run DISM to repair component store: `DISM /Online /Cleanup-Image /RestoreHealth`,Run memory diagnostic (Windows Memory Diagnostic) and test RAM,"Check disk: `chkdsk /f /r`, and ensure backups",Reboot and confirm no BSOD occurs for multiple restarts; check Event Viewer for cleared error.,high,Microsoft Support / Vendor KB (paraphrased)
BSOD-085,BSOD,Critical process died,CRITICAL_PROCESS_DIED,Crash with message CRITICAL_PROCESS_DIED during driver update,Disk errors or file system corruption,Boot into Safe Mode; run System File Checker: `sfc /scannow`,Update or roll back the suspected device driver via Device Manager,Run DISM to repair component store: `DISM /Online /Cleanup-Image /RestoreHealth`,Reboot and confirm no BSOD occurs for multiple restarts; check Event Viewer for cleared error.,medium,Microsoft Support / Vendor KB (paraphrased)
BSOD-086,BSOD,THREAD_STUCK_IN_DEVICE_DRIVER,THREAD_STUCK_IN_DEVICE_DRIVER,System crashes to BSOD with THREAD_STUCK_IN_DEVICE_DRIVER when starting application,Disk errors or file system corruption,Run DISM to repair component store: `DISM /Online /Cleanup-Image /RestoreHealth`,Update or roll back the suspected device driver via Device Manager,"Check disk: `chkdsk /f /r`, and ensure backups",Reboot and confirm no BSOD occurs for multiple restarts; check Event Viewer for cleared error.,medium,Microsoft Support / Vendor KB (paraphrased)
BSOD-087,BSOD,Critical process died,CRITICAL_PROCESS_DIED,Crash with message CRITICAL_PROCESS_DIED during driver update,Bad RAM or memory corruption,Run memory diagnostic (Windows Memory Diagnostic) and test RAM,Run DISM to repair component store: `DISM /Online /Cleanup-Image /RestoreHealth`,"Check disk: `chkdsk /f /r`, and ensure backups",Reboot and confirm no BSOD occurs for multiple restarts; check Event Viewer for cleared error.,low,Microsoft Support / Vendor KB (paraphrased)
BSOD-088,BSOD,WHEA_UNCORRECTABLE_ERROR,WHEA_UNCORRECTABLE_ERROR,Blue screen displaying WHEA_UNCORRECTABLE_ERROR (WHEA_UNCORRECTABLE_ERROR) after boot,Disk errors or file system corruption,"Check disk: `chkdsk /f /r`, and ensure backups",Boot into Safe Mode; run System File Checker: `sfc /scannow`,Run memory diagnostic (Windows Memory Diagnostic) and test RAM,Reboot and confirm no BSOD occurs for multiple restarts; check Event Viewer for cleared error.,high,Microsoft Support / Vendor KB (paraphrased)
BSOD-089,BSOD,THREAD_STUCK_IN_DEVICE_DRIVER,THREAD_STUCK_IN_DEVICE_DRIVER,System crashes to BSOD with THREAD_STUCK_IN_DEVICE_DRIVER when starting application,Disk errors or file system corruption,Run DISM to repair component store: `DISM /Online /Cleanup-Image /RestoreHealth`,Boot into Safe Mode; run System File Checker: `sfc /scannow`,"Check disk: `chkdsk /f /r`, and ensure backups",Reboot and confirm no BSOD occurs for multiple restarts; check Event Viewer for cleared error.,medium,Microsoft Support / Vendor KB (paraphrased)
BSOD-090,BSOD,DRIVER_IRQL_NOT_LESS_OR_EQUAL,DRIVER_IRQL_NOT_LESS_OR_EQUAL,System crashes to BSOD with DRIVER_IRQL_NOT_LESS_OR_EQUAL when starting application,Disk errors or file system corruption,Update or roll back the suspected device driver via Device Manager,"Check disk: `chkdsk /f /r`, and ensure backups",Run DISM to repair component store: `DISM /Online /Cleanup-Image /RestoreHealth`,Reboot and confirm no BSOD occurs for multiple restarts; check Event Viewer for cleared error.,medium,Microsoft Support / Vendor KB (paraphrased)
BSOD-091,BSOD,THREAD_STUCK_IN_DEVICE_DRIVER,THREAD_STUCK_IN_DEVICE_DRIVER,Random restart and BSOD showing THREAD_STUCK_IN_DEVICE_DRIVER code THREAD_STUCK_IN_DEVICE_DRIVER,Corrupted system files or recent update,Run memory diagnostic (Windows Memory Diagnostic) and test RAM,Boot into Safe Mode; run System File Checker: `sfc /scannow`,Update or roll back the suspected device driver via Device Manager,Reboot and confirm no BSOD occurs for multiple restarts; check Event Viewer for cleared error.,high,Microsoft Support / Vendor KB (paraphrased)
BSOD-092,BSOD,IRQL_NOT_LESS_OR_EQUAL,IRQL_NOT_LESS_OR_EQUAL,Random restart and BSOD showing IRQL_NOT_LESS_OR_EQUAL code IRQL_NOT_LESS_OR_EQUAL,Faulty or outdated device driver,Boot into Safe Mode; run System File Checker: `sfc /scannow`,"Check disk: `chkdsk /f /r`, and ensure backups",Run memory diagnostic (Windows Memory Diagnostic) and test RAM,Reboot and confirm no BSOD occurs for multiple restarts; check Event Viewer for cleared error.,low,Microsoft Support / Vendor KB (paraphrased)
BSOD-093,BSOD,INACCESSIBLE_BOOT_DEVICE,INACCESSIBLE_BOOT_DEVICE,Blue screen displaying INACCESSIBLE_BOOT_DEVICE (INACCESSIBLE_BOOT_DEVICE) after boot,Overheating or hardware incompatibility,Run DISM to repair component store: `DISM /Online /Cleanup-Image /RestoreHealth`,"Check disk: `chkdsk /f /r`, and ensure backups",Boot into Safe Mode; run System File Checker: `sfc /scannow`,Reboot and confirm no BSOD occurs for multiple restarts; check Event Viewer for cleared error.,medium,Microsoft Support / Vendor KB (paraphrased)
BSOD-094,BSOD,SYSTEM_SERVICE_EXCEPTION,SYSTEM_SERVICE_EXCEPTION,System crashes to BSOD with SYSTEM_SERVICE_EXCEPTION when starting application,Disk errors or file system corruption,Update or roll back the suspected device driver via Device Manager,"Check disk: `chkdsk /f /r`, and ensure backups",Boot into Safe Mode; run System File Checker: `sfc /scannow`,Reboot and confirm no BSOD occurs for multiple restarts; check Event Viewer for cleared error.,high,Microsoft Support / Vendor KB (paraphrased)
BSOD-095,BSOD,WHEA_UNCORRECTABLE_ERROR,WHEA_UNCORRECTABLE_ERROR,Blue screen displaying WHEA_UNCORRECTABLE_ERROR (WHEA_UNCORRECTABLE_ERROR) after boot,Faulty or outdated device driver,Update or roll back the suspected device driver via Device Manager,Boot into Safe Mode; run System File Checker: `sfc /scannow`,"Check disk: `chkdsk /f /r`, and ensure backups",Reboot and confirm no BSOD occurs for multiple restarts; check Event Viewer for cleared error.,low,Microsoft Support / Vendor KB (paraphrased)
BSOD-096,BSOD,BAD_POOL_HEADER,BAD_POOL_HEADER,Crash with message BAD_POOL_HEADER during driver update,Disk errors or file system corruption,Run DISM to repair component store: `DISM /Online /Cleanup-Image /RestoreHealth`,Boot into Safe Mode; run System File Checker: `sfc /scannow`,Update or roll back the suspected device driver via Device Manager,Reboot and confirm no BSOD occurs for multiple restarts; check Event Viewer for cleared error.,high,Microsoft Support / Vendor KB (paraphrased)
BSOD-097,BSOD,PFN_LIST_CORRUPT,PFN_LIST_CORRUPT,Blue screen displaying PFN_LIST_CORRUPT (PFN_LIST_CORRUPT) after boot,Bad RAM or memory corruption,"Check disk: `chkdsk /f /r`, and ensure backups",Boot into Safe Mode; run System File Checker: `sfc /scannow`,Update or roll back the suspected device driver via Device Manager,Reboot and confirm no BSOD occurs for multiple restarts; check Event Viewer for cleared error.,low,Microsoft Support / Vendor KB (paraphrased)
BSOD-098,BSOD,SYSTEM_THREAD_EXCEPTION_NOT_HANDLED,SYSTEM_THREAD_EXCEPTION_NOT_HANDLED,Crash with message SYSTEM_THREAD_EXCEPTION_NOT_HANDLED during driver update,Bad RAM or memory corruption,Boot into Safe Mode; run System File Checker: `sfc /scannow`,Update or roll back the suspected device driver via Device Manager,"Check disk: `chkdsk /f /r`, and ensure backups",Reboot and confirm no BSOD occurs for multiple restarts; check Event Viewer for cleared error.,medium,Microsoft Support / Vendor KB (paraphrased)
BSOD-099,BSOD,VIDEO_TDR_FAILURE,VIDEO_TDR_FAILURE,Blue screen displaying VIDEO_TDR_FAILURE (VIDEO_TDR_FAILURE) after boot,Disk errors or file system corruption,Update or roll back the suspected device driver via Device Manager,Run memory diagnostic (Windows Memory Diagnostic) and test RAM,"Check disk: `chkdsk /f /r`, and ensure backups",Reboot and confirm no BSOD occurs for multiple restarts; check Event Viewer for cleared error.,low,Microsoft Support / Vendor KB (paraphrased)
BSOD-100,BSOD,THREAD_STUCK_IN_DEVICE_DRIVER,THREAD_STUCK_IN_DEVICE_DRIVER,System crashes to BSOD with THREAD_STUCK_IN_DEVICE_DRIVER when starting application,Overheating or hardware incompatibility,Update or roll back the suspected device driver via Device Manager,Run memory diagnostic (Windows Memory Diagnostic) and test RAM,Run DISM to repair component store: `DISM /Online /Cleanup-Image /RestoreHealth`,Reboot and confirm no BSOD occurs for multiple restarts; check Event Viewer for cleared error.,medium,Microsoft Support / Vendor KB (paraphrased)
DISK-001,Disk_SMART,RAID degraded or rebuild failed,RAID_degraded,System logs indicate repeated read/write errors (RAID_degraded),Firmware bug in drive,Run `chkdsk /f /r` on affected volume (Windows) or `fsck` (Linux),Backup data immediately to external media or cloud,Replace drive if reallocated sector count continues to grow,SMART attributes stabilize and no new reallocated sectors; successful read/write tests.,medium,Vendor KB / SMART docs (paraphrased)
DISK-002,Disk_SMART,SMART imminent failure,SMART_PANIC,System logs indicate repeated read/write errors (SMART_PANIC),Unclean shutdowns causing file system damage,Check SMART with `smartctl -a` and review reallocated/pending sectors,Backup data immediately to external media or cloud,Run `chkdsk /f /r` on affected volume (Windows) or `fsck` (Linux),SMART attributes stabilize and no new reallocated sectors; successful read/write tests.,medium,Vendor KB / SMART docs (paraphrased)
DISK-003,Disk_SMART,Frequent read errors,Read_Error,System logs indicate repeated read/write errors (Read_Error),Loose SATA/Power cable or failing controller,Check SMART with `smartctl -a` and review reallocated/pending sectors,Replace drive if reallocated sector count continues to grow,Run `chkdsk /f /r` on affected volume (Windows) or `fsck` (Linux),SMART attributes stabilize and no new reallocated sectors; successful read/write tests.,medium,Vendor KB / SMART docs (paraphrased)
DISK-004,Disk_SMART,RAID degraded or rebuild failed,RAID_degraded,Slow file access and IO timeouts; SMART attribute RAID_degraded rising,Firmware bug in drive,Replace drive if reallocated sector count continues to grow,Backup data immediately to external media or cloud,Check SMART with `smartctl -a` and review reallocated/pending sectors,SMART attributes stabilize and no new reallocated sectors; successful read/write tests.,high,Vendor KB / SMART docs (paraphrased)
DISK-005,Disk_SMART,Pending sector count warning,Pending_Sector_Count,SMART report shows Pending_Sector_Count on drive,Unclean shutdowns causing file system damage,Reseat cables and try different SATA port; test on another machine,Run `chkdsk /f /r` on affected volume (Windows) or `fsck` (Linux),Check SMART with `smartctl -a` and review reallocated/pending sectors,SMART attributes stabilize and no new reallocated sectors; successful read/write tests.,medium,Vendor KB / SMART docs (paraphrased)
DISK-006,Disk_SMART,File system corruption detected,Corrupt_filesystem,System logs indicate repeated read/write errors (Corrupt_filesystem),Physical media degradation (bad sectors),Backup data immediately to external media or cloud,Check SMART with `smartctl -a` and review reallocated/pending sectors,Replace drive if reallocated sector count continues to grow,SMART attributes stabilize and no new reallocated sectors; successful read/write tests.,medium,Vendor KB / SMART docs (paraphrased)
DISK-007,Disk_SMART,SMART imminent failure,SMART_PANIC,System logs indicate repeated read/write errors (SMART_PANIC),Firmware bug in drive,Reseat cables and try different SATA port; test on another machine,Check SMART with `smartctl -a` and review reallocated/pending sectors,Run `chkdsk /f /r` on affected volume (Windows) or `fsck` (Linux),SMART attributes stabilize and no new reallocated sectors; successful read/write tests.,medium,Vendor KB / SMART docs (paraphrased)
DISK-008,Disk_SMART,I/O device error,I/O_DEVICE_ERROR,Slow file access and IO timeouts; SMART attribute I/O_DEVICE_ERROR rising,Unclean shutdowns causing file system damage,Check SMART with `smartctl -a` and review reallocated/pending sectors,Replace drive if reallocated sector count continues to grow,Run `chkdsk /f /r` on affected volume (Windows) or `fsck` (Linux),SMART attributes stabilize and no new reallocated sectors; successful read/write tests.,high,Vendor KB / SMART docs (paraphrased)
DISK-009,Disk_SMART,Pending sector count warning,Pending_Sector_Count,Slow file access and IO timeouts; SMART attribute Pending_Sector_Count rising,Loose SATA/Power cable or failing controller,Check SMART with `smartctl -a` and review reallocated/pending sectors,Backup data immediately to external media or cloud,Replace drive if reallocated sector count continues to grow,SMART attributes stabilize and no new reallocated sectors; successful read/write tests.,high,Vendor KB / SMART docs (paraphrased)
DISK-010,Disk_SMART,SMART imminent failure,SMART_PANIC,SMART report shows SMART_PANIC on drive,Unclean shutdowns causing file system damage,Check SMART with `smartctl -a` and review reallocated/pending sectors,Replace drive if reallocated sector count continues to grow,Backup data immediately to external media or cloud,SMART attributes stabilize and no new reallocated sectors; successful read/write tests.,high,Vendor KB / SMART docs (paraphrased)
DISK-011,Disk_SMART,Slow disk I/O performance,Slow_IO,SMART report shows Slow_IO on drive,Firmware bug in drive,Run `chkdsk /f /r` on affected volume (Windows) or `fsck` (Linux),Check SMART with `smartctl -a` and review reallocated/pending sectors,Backup data immediately to external media or cloud,SMART attributes stabilize and no new reallocated sectors; successful read/write tests.,high,Vendor KB / SMART docs (paraphrased)
DISK-012,Disk_SMART,Slow disk I/O performance,Slow_IO,SMART report shows Slow_IO on drive,Physical media degradation (bad sectors),Replace drive if reallocated sector count continues to grow,Check SMART with `smartctl -a` and review reallocated/pending sectors,Reseat cables and try different SATA port; test on another machine,SMART attributes stabilize and no new reallocated sectors; successful read/write tests.,high,Vendor KB / SMART docs (paraphrased)
DISK-013,Disk_SMART,File system corruption detected,Corrupt_filesystem,SMART report shows Corrupt_filesystem on drive,Physical media degradation (bad sectors),Replace drive if reallocated sector count continues to grow,Check SMART with `smartctl -a` and review reallocated/pending sectors,Run `chkdsk /f /r` on affected volume (Windows) or `fsck` (Linux),SMART attributes stabilize and no new reallocated sectors; successful read/write tests.,medium,Vendor KB / SMART docs (paraphrased)
DISK-014,Disk_SMART,File system corruption detected,Corrupt_filesystem,System logs indicate repeated read/write errors (Corrupt_filesystem),Loose SATA/Power cable or failing controller,Backup data immediately to external media or cloud,Check SMART with `smartctl -a` and review reallocated/pending sectors,Run `chkdsk /f /r` on affected volume (Windows) or `fsck` (Linux),SMART attributes stabilize and no new reallocated sectors; successful read/write tests.,high,Vendor KB / SMART docs (paraphrased)
DISK-015,Disk_SMART,Pending sector count warning,Pending_Sector_Count,System logs indicate repeated read/write errors (Pending_Sector_Count),Unclean shutdowns causing file system damage,Backup data immediately to external media or cloud,Replace drive if reallocated sector count continues to grow,Reseat cables and try different SATA port; test on another machine,SMART attributes stabilize and no new reallocated sectors; successful read/write tests.,high,Vendor KB / SMART docs (paraphrased)
DISK-016,Disk_SMART,RAID degraded or rebuild failed,RAID_degraded,System logs indicate repeated read/write errors (RAID_degraded),Physical media degradation (bad sectors),Run `chkdsk /f /r` on affected volume (Windows) or `fsck` (Linux),Backup data immediately to external media or cloud,Check SMART with `smartctl -a` and review reallocated/pending sectors,SMART attributes stabilize and no new reallocated sectors; successful read/write tests.,medium,Vendor KB / SMART docs (paraphrased)
DISK-017,Disk_SMART,RAID degraded or rebuild failed,RAID_degraded,Slow file access and IO timeouts; SMART attribute RAID_degraded rising,Loose SATA/Power cable or failing controller,Replace drive if reallocated sector count continues to grow,Reseat cables and try different SATA port; test on another machine,Run `chkdsk /f /r` on affected volume (Windows) or `fsck` (Linux),SMART attributes stabilize and no new reallocated sectors; successful read/write tests.,medium,Vendor KB / SMART docs (paraphrased)
DISK-018,Disk_SMART,Slow disk I/O performance,Slow_IO,Slow file access and IO timeouts; SMART attribute Slow_IO rising,Unclean shutdowns causing file system damage,Check SMART with `smartctl -a` and review reallocated/pending sectors,Backup data immediately to external media or cloud,Replace drive if reallocated sector count continues to grow,SMART attributes stabilize and no new reallocated sectors; successful read/write tests.,high,Vendor KB / SMART docs (paraphrased)
DISK-019,Disk_SMART,SMART imminent failure,SMART_PANIC,Slow file access and IO timeouts; SMART attribute SMART_PANIC rising,Loose SATA/Power cable or failing controller,Check SMART with `smartctl -a` and review reallocated/pending sectors,Backup data immediately to external media or cloud,Reseat cables and try different SATA port; test on another machine,SMART attributes stabilize and no new reallocated sectors; successful read/write tests.,high,Vendor KB / SMART docs (paraphrased)
DISK-020,Disk_SMART,Frequent read errors,Read_Error,Slow file access and IO timeouts; SMART attribute Read_Error rising,Physical media degradation (bad sectors),Run `chkdsk /f /r` on affected volume (Windows) or `fsck` (Linux),Backup data immediately to external media or cloud,Replace drive if reallocated sector count continues to grow,SMART attributes stabilize and no new reallocated sectors; successful read/write tests.,medium,Vendor KB / SMART docs (paraphrased)
DISK-021,Disk_SMART,RAID degraded or rebuild failed,RAID_degraded,System logs indicate repeated read/write errors (RAID_degraded),Firmware bug in drive,Backup data immediately to external media or cloud,Run `chkdsk /f /r` on affected volume (Windows) or `fsck` (Linux),Reseat cables and try different SATA port; test on another machine,SMART attributes stabilize and no new reallocated sectors; successful read/write tests.,medium,Vendor KB / SMART docs (paraphrased)
DISK-022,Disk_SMART,File system corruption detected,Corrupt_filesystem,SMART report shows Corrupt_filesystem on drive,Loose SATA/Power cable or failing controller,Check SMART with `smartctl -a` and review reallocated/pending sectors,Run `chkdsk /f /r` on affected volume (Windows) or `fsck` (Linux),Reseat cables and try different SATA port; test on another machine,SMART attributes stabilize and no new reallocated sectors; successful read/write tests.,high,Vendor KB / SMART docs (paraphrased)
DISK-023,Disk_SMART,Disk not responding intermittently,Disk_No_Response,SMART report shows Disk_No_Response on drive,Loose SATA/Power cable or failing controller,Check SMART with `smartctl -a` and review reallocated/pending sectors,Run `chkdsk /f /r` on affected volume (Windows) or `fsck` (Linux),Backup data immediately to external media or cloud,SMART attributes stabilize and no new reallocated sectors; successful read/write tests.,high,Vendor KB / SMART docs (paraphrased)
DISK-024,Disk_SMART,Frequent read errors,Read_Error,System logs indicate repeated read/write errors (Read_Error),Firmware bug in drive,Reseat cables and try different SATA port; test on another machine,Backup data immediately to external media or cloud,Run `chkdsk /f /r` on affected volume (Windows) or `fsck` (Linux),SMART attributes stabilize and no new reallocated sectors; successful read/write tests.,medium,Vendor KB / SMART docs (paraphrased)
DISK-025,Disk_SMART,Boot disk not found,Boot_disk_not_found,System logs indicate repeated read/write errors (Boot_disk_not_found),Unclean shutdowns causing file system damage,Reseat cables and try different SATA port; test on another machine,Backup data immediately to external media or cloud,Check SMART with `smartctl -a` and review reallocated/pending sectors,SMART attributes stabilize and no new reallocated sectors; successful read/write tests.,high,Vendor KB / SMART docs (paraphrased)
DISK-026,Disk_SMART,Boot disk not found,Boot_disk_not_found,Slow file access and IO timeouts; SMART attribute Boot_disk_not_found rising,Firmware bug in drive,Replace drive if reallocated sector count continues to grow,Check SMART with `smartctl -a` and review reallocated/pending sectors,Backup data immediately to external media or cloud,SMART attributes stabilize and no new reallocated sectors; successful read/write tests.,high,Vendor KB / SMART docs (paraphrased)
DISK-027,Disk_SMART,SMART imminent failure,SMART_PANIC,Slow file access and IO timeouts; SMART attribute SMART_PANIC rising,Physical media degradation (bad sectors),Check SMART with `smartctl -a` and review reallocated/pending sectors,Backup data immediately to external media or cloud,Reseat cables and try different SATA port; test on another machine,SMART attributes stabilize and no new reallocated sectors; successful read/write tests.,medium,Vendor KB / SMART docs (paraphrased)
DISK-028,Disk_SMART,Disk not responding intermittently,Disk_No_Response,Slow file access and IO timeouts; SMART attribute Disk_No_Response rising,Unclean shutdowns causing file system damage,Check SMART with `smartctl -a` and review reallocated/pending sectors,Run `chkdsk /f /r` on affected volume (Windows) or `fsck` (Linux),Replace drive if reallocated sector count continues to grow,SMART attributes stabilize and no new reallocated sectors; successful read/write tests.,medium,Vendor KB / SMART docs (paraphrased)
DISK-029,Disk_SMART,File system corruption detected,Corrupt_filesystem,SMART report shows Corrupt_filesystem on drive,Unclean shutdowns causing file system damage,Check SMART with `smartctl -a` and review reallocated/pending sectors,Reseat cables and try different SATA port; test on another machine,Run `chkdsk /f /r` on affected volume (Windows) or `fsck` (Linux),SMART attributes stabilize and no new reallocated sectors; successful read/write tests.,medium,Vendor KB / SMART docs (paraphrased)
DISK-030,Disk_SMART,Pending sector count warning,Pending_Sector_Count,SMART report shows Pending_Sector_Count on drive,Firmware bug in drive,Reseat cables and try different SATA port; test on another machine,Replace drive if reallocated sector count continues to grow,Run `chkdsk /f /r` on affected volume (Windows) or `fsck` (Linux),SMART attributes stabilize and no new reallocated sectors; successful read/write tests.,medium,Vendor KB / SMART docs (paraphrased)
DISK-031,Disk_SMART,Disk not responding intermittently,Disk_No_Response,SMART report shows Disk_No_Response on drive,Unclean shutdowns causing file system damage,Backup data immediately to external media or cloud,Check SMART with `smartctl -a` and review reallocated/pending sectors,Run `chkdsk /f /r` on affected volume (Windows) or `fsck` (Linux),SMART attributes stabilize and no new reallocated sectors; successful read/write tests.,medium,Vendor KB / SMART docs (paraphrased)
DISK-032,Disk_SMART,Pending sector count warning,Pending_Sector_Count,System logs indicate repeated read/write errors (Pending_Sector_Count),Physical media degradation (bad sectors),Replace drive if reallocated sector count continues to grow,Reseat cables and try different SATA port; test on another machine,Run `chkdsk /f /r` on affected volume (Windows) or `fsck` (Linux),SMART attributes stabilize and no new reallocated sectors; successful read/write tests.,high,Vendor KB / SMART docs (paraphrased)
DISK-033,Disk_SMART,SMART imminent failure,SMART_PANIC,Slow file access and IO timeouts; SMART attribute SMART_PANIC rising,Firmware bug in drive,Replace drive if reallocated sector count continues to grow,Reseat cables and try different SATA port; test on another machine,Check SMART with `smartctl -a` and review reallocated/pending sectors,SMART attributes stabilize and no new reallocated sectors; successful read/write tests.,medium,Vendor KB / SMART docs (paraphrased)
DISK-034,Disk_SMART,Reallocated sectors increasing,Reallocated_Sector_Count,SMART report shows Reallocated_Sector_Count on drive,Firmware bug in drive,Replace drive if reallocated sector count continues to grow,Run `chkdsk /f /r` on affected volume (Windows) or `fsck` (Linux),Reseat cables and try different SATA port; test on another machine,SMART attributes stabilize and no new reallocated sectors; successful read/write tests.,medium,Vendor KB / SMART docs (paraphrased)
DISK-035,Disk_SMART,File system corruption detected,Corrupt_filesystem,SMART report shows Corrupt_filesystem on drive,Physical media degradation (bad sectors),Replace drive if reallocated sector count continues to grow,Run `chkdsk /f /r` on affected volume (Windows) or `fsck` (Linux),Check SMART with `smartctl -a` and review reallocated/pending sectors,SMART attributes stabilize and no new reallocated sectors; successful read/write tests.,high,Vendor KB / SMART docs (paraphrased)
DISK-036,Disk_SMART,Slow disk I/O performance,Slow_IO,Slow file access and IO timeouts; SMART attribute Slow_IO rising,Physical media degradation (bad sectors),Replace drive if reallocated sector count continues to grow,Reseat cables and try different SATA port; test on another machine,Backup data immediately to external media or cloud,SMART attributes stabilize and no new reallocated sectors; successful read/write tests.,high,Vendor KB / SMART docs (paraphrased)
DISK-037,Disk_SMART,Pending sector count warning,Pending_Sector_Count,System logs indicate repeated read/write errors (Pending_Sector_Count),Physical media degradation (bad sectors),Run `chkdsk /f /r` on affected volume (Windows) or `fsck` (Linux),Reseat cables and try different SATA port; test on another machine,Check SMART with `smartctl -a` and review reallocated/pending sectors,SMART attributes stabilize and no new reallocated sectors; successful read/write tests.,medium,Vendor KB / SMART docs (paraphrased)
DISK-038,Disk_SMART,Disk not responding intermittently,Disk_No_Response,Slow file access and IO timeouts; SMART attribute Disk_No_Response rising,Firmware bug in drive,Reseat cables and try different SATA port; test on another machine,Replace drive if reallocated sector count continues to grow,Run `chkdsk /f /r` on affected volume (Windows) or `fsck` (Linux),SMART attributes stabilize and no new reallocated sectors; successful read/write tests.,high,Vendor KB / SMART docs (paraphrased)
DISK-039,Disk_SMART,File system corruption detected,Corrupt_filesystem,Slow file access and IO timeouts; SMART attribute Corrupt_filesystem rising,Loose SATA/Power cable or failing controller,Reseat cables and try different SATA port; test on another machine,Run `chkdsk /f /r` on affected volume (Windows) or `fsck` (Linux),Check SMART with `smartctl -a` and review reallocated/pending sectors,SMART attributes stabilize and no new reallocated sectors; successful read/write tests.,high,Vendor KB / SMART docs (paraphrased)
DISK-040,Disk_SMART,Pending sector count warning,Pending_Sector_Count,System logs indicate repeated read/write errors (Pending_Sector_Count),Unclean shutdowns causing file system damage,Check SMART with `smartctl -a` and review reallocated/pending sectors,Replace drive if reallocated sector count continues to grow,Backup data immediately to external media or cloud,SMART attributes stabilize and no new reallocated sectors; successful read/write tests.,medium,Vendor KB / SMART docs (paraphrased)
DISK-041,Disk_SMART,Slow disk I/O performance,Slow_IO,Slow file access and IO timeouts; SMART attribute Slow_IO rising,Unclean shutdowns causing file system damage,Run `chkdsk /f /r` on affected volume (Windows) or `fsck` (Linux),Reseat cables and try different SATA port; test on another machine,Check SMART with `smartctl -a` and review reallocated/pending sectors,SMART attributes stabilize and no new reallocated sectors; successful read/write tests.,medium,Vendor KB / SMART docs (paraphrased)
DISK-042,Disk_SMART,I/O device error,I/O_DEVICE_ERROR,System logs indicate repeated read/write errors (I/O_DEVICE_ERROR),Unclean shutdowns causing file system damage,Reseat cables and try different SATA port; test on another machine,Check SMART with `smartctl -a` and review reallocated/pending sectors,Backup data immediately to external media or cloud,SMART attributes stabilize and no new reallocated sectors; successful read/write tests.,high,Vendor KB / SMART docs (paraphrased)
DISK-043,Disk_SMART,RAID degraded or rebuild failed,RAID_degraded,System logs indicate repeated read/write errors (RAID_degraded),Loose SATA/Power cable or failing controller,Reseat cables and try different SATA port; test on another machine,Backup data immediately to external media or cloud,Run `chkdsk /f /r` on affected volume (Windows) or `fsck` (Linux),SMART attributes stabilize and no new reallocated sectors; successful read/write tests.,medium,Vendor KB / SMART docs (paraphrased)
DISK-044,Disk_SMART,Boot disk not found,Boot_disk_not_found,System logs indicate repeated read/write errors (Boot_disk_not_found),Loose SATA/Power cable or failing controller,Reseat cables and try different SATA port; test on another machine,Backup data immediately to external media or cloud,Replace drive if reallocated sector count continues to grow,SMART attributes stabilize and no new reallocated sectors; successful read/write tests.,medium,Vendor KB / SMART docs (paraphrased)
DISK-045,Disk_SMART,Pending sector count warning,Pending_Sector_Count,System logs indicate repeated read/write errors (Pending_Sector_Count),Physical media degradation (bad sectors),Replace drive if reallocated sector count continues to grow,Reseat cables and try different SATA port; test on another machine,Backup data immediately to external media or cloud,SMART attributes stabilize and no new reallocated sectors; successful read/write tests.,high,Vendor KB / SMART docs (paraphrased)
DISK-046,Disk_SMART,Boot disk not found,Boot_disk_not_found,Slow file access and IO timeouts; SMART attribute Boot_disk_not_found rising,Loose SATA/Power cable or failing controller,Backup data immediately to external media or cloud,Reseat cables and try different SATA port; test on another machine,Run `chkdsk /f /r` on affected volume (Windows) or `fsck` (Linux),SMART attributes stabilize and no new reallocated sectors; successful read/write tests.,medium,Vendor KB / SMART docs (paraphrased)
DISK-047,Disk_SMART,RAID degraded or rebuild failed,RAID_degraded,Slow file access and IO timeouts; SMART attribute RAID_degraded rising,Unclean shutdowns causing file system damage,Backup data immediately to external media or cloud,Check SMART with `smartctl -a` and review reallocated/pending sectors,Reseat cables and try different SATA port; test on another machine,SMART attributes stabilize and no new reallocated sectors; successful read/write tests.,medium,Vendor KB / SMART docs (paraphrased)
DISK-048,Disk_SMART,I/O device error,I/O_DEVICE_ERROR,Slow file access and IO timeouts; SMART attribute I/O_DEVICE_ERROR rising,Unclean shutdowns causing file system damage,Replace drive if reallocated sector count continues to grow,Backup data immediately to external media or cloud,Check SMART with `smartctl -a` and review reallocated/pending sectors,SMART attributes stabilize and no new reallocated sectors; successful read/write tests.,high,Vendor KB / SMART docs (paraphrased)
DISK-049,Disk_SMART,SMART imminent failure,SMART_PANIC,Slow file access and IO timeouts; SMART attribute SMART_PANIC rising,Firmware bug in drive,Run `chkdsk /f /r` on affected volume (Windows) or `fsck` (Linux),Backup data immediately to external media or cloud,Replace drive if reallocated sector count continues to grow,SMART attributes stabilize and no new reallocated sectors; successful read/write tests.,high,Vendor KB / SMART docs (paraphrased)
DISK-050,Disk_SMART,Pending sector count warning,Pending_Sector_Count,System logs indicate repeated read/write errors (Pending_Sector_Count),Loose SATA/Power cable or failing controller,Check SMART with `smartctl -a` and review reallocated/pending sectors,Backup data immediately to external media or cloud,Reseat cables and try different SATA port; test on another machine,SMART attributes stabilize and no new reallocated sectors; successful read/write tests.,medium,Vendor KB / SMART docs (paraphrased)
DISK-051,Disk_SMART,Reallocated sectors increasing,Reallocated_Sector_Count,System logs indicate repeated read/write errors (Reallocated_Sector_Count),Firmware bug in drive,Check SMART with `smartctl -a` and review reallocated/pending sectors,Reseat cables and try different SATA port; test on another machine,Backup data immediately to external media or cloud,SMART attributes stabilize and no new reallocated sectors; successful read/write tests.,high,Vendor KB / SMART docs (paraphrased)
DISK-052,Disk_SMART,Disk not responding intermittently,Disk_No_Response,System logs indicate repeated read/write errors (Disk_No_Response),Loose SATA/Power cable or failing controller,Run `chkdsk /f /r` on affected volume (Windows) or `fsck` (Linux),Replace drive if reallocated sector count continues to grow,Backup data immediately to external media or cloud,SMART attributes stabilize and no new reallocated sectors; successful read/write tests.,medium,Vendor KB / SMART docs (paraphrased)
DISK-053,Disk_SMART,RAID degraded or rebuild failed,RAID_degraded,Slow file access and IO timeouts; SMART attribute RAID_degraded rising,Loose SATA/Power cable or failing controller,Reseat cables and try different SATA port; test on another machine,Run `chkdsk /f /r` on affected volume (Windows) or `fsck` (Linux),Backup data immediately to external media or cloud,SMART attributes stabilize and no new reallocated sectors; successful read/write tests.,medium,Vendor KB / SMART docs (paraphrased)
DISK-054,Disk_SMART,Slow disk I/O performance,Slow_IO,System logs indicate repeated read/write errors (Slow_IO),Firmware bug in drive,Backup data immediately to external media or cloud,Reseat cables and try different SATA port; test on another machine,Run `chkdsk /f /r` on affected volume (Windows) or `fsck` (Linux),SMART attributes stabilize and no new reallocated sectors; successful read/write tests.,high,Vendor KB / SMART docs (paraphrased)
DISK-055,Disk_SMART,Pending sector count warning,Pending_Sector_Count,System logs indicate repeated read/write errors (Pending_Sector_Count),Firmware bug in drive,Replace drive if reallocated sector count continues to grow,Check SMART with `smartctl -a` and review reallocated/pending sectors,Reseat cables and try different SATA port; test on another machine,SMART attributes stabilize and no new reallocated sectors; successful read/write tests.,medium,Vendor KB / SMART docs (paraphrased)
DISK-056,Disk_SMART,Slow disk I/O performance,Slow_IO,System logs indicate repeated read/write errors (Slow_IO),Firmware bug in drive,Run `chkdsk /f /r` on affected volume (Windows) or `fsck` (Linux),Reseat cables and try different SATA port; test on another machine,Replace drive if reallocated sector count continues to grow,SMART attributes stabilize and no new reallocated sectors; successful read/write tests.,high,Vendor KB / SMART docs (paraphrased)
DISK-057,Disk_SMART,SMART imminent failure,SMART_PANIC,System logs indicate repeated read/write errors (SMART_PANIC),Firmware bug in drive,Replace drive if reallocated sector count continues to grow,Check SMART with `smartctl -a` and review reallocated/pending sectors,Reseat cables and try different SATA port; test on another machine,SMART attributes stabilize and no new reallocated sectors; successful read/write tests.,medium,Vendor KB / SMART docs (paraphrased)
DISK-058,Disk_SMART,Reallocated sectors increasing,Reallocated_Sector_Count,Slow file access and IO timeouts; SMART attribute Reallocated_Sector_Count rising,Unclean shutdowns causing file system damage,Check SMART with `smartctl -a` and review reallocated/pending sectors,Backup data immediately to external media or cloud,Replace drive if reallocated sector count continues to grow,SMART attributes stabilize and no new reallocated sectors; successful read/write tests.,high,Vendor KB / SMART docs (paraphrased)
DISK-059,Disk_SMART,RAID degraded or rebuild failed,RAID_degraded,Slow file access and IO timeouts; SMART attribute RAID_degraded rising,Unclean shutdowns causing file system damage,Check SMART with `smartctl -a` and review reallocated/pending sectors,Run `chkdsk /f /r` on affected volume (Windows) or `fsck` (Linux),Replace drive if reallocated sector count continues to grow,SMART attributes stabilize and no new reallocated sectors; successful read/write tests.,medium,Vendor KB / SMART docs (paraphrased)
DISK-060,Disk_SMART,SMART imminent failure,SMART_PANIC,Slow file access and IO timeouts; SMART attribute SMART_PANIC rising,Loose SATA/Power cable or failing controller,Replace drive if reallocated sector count continues to grow,Check SMART with `smartctl -a` and review reallocated/pending sectors,Reseat cables and try different SATA port; test on another machine,SMART attributes stabilize and no new reallocated sectors; successful read/write tests.,high,Vendor KB / SMART docs (paraphrased)
DISK-061,Disk_SMART,Pending sector count warning,Pending_Sector_Count,Slow file access and IO timeouts; SMART attribute Pending_Sector_Count rising,Physical media degradation (bad sectors),Check SMART with `smartctl -a` and review reallocated/pending sectors,Reseat cables and try different SATA port; test on another machine,Backup data immediately to external media or cloud,SMART attributes stabilize and no new reallocated sectors; successful read/write tests.,medium,Vendor KB / SMART docs (paraphrased)
DISK-062,Disk_SMART,Frequent read errors,Read_Error,SMART report shows Read_Error on drive,Firmware bug in drive,Check SMART with `smartctl -a` and review reallocated/pending sectors,Reseat cables and try different SATA port; test on another machine,Backup data immediately to external media or cloud,SMART attributes stabilize and no new reallocated sectors; successful read/write tests.,high,Vendor KB / SMART docs (paraphrased)
DISK-063,Disk_SMART,Frequent read errors,Read_Error,Slow file access and IO timeouts; SMART attribute Read_Error rising,Firmware bug in drive,Replace drive if reallocated sector count continues to grow,Check SMART with `smartctl -a` and review reallocated/pending sectors,Backup data immediately to external media or cloud,SMART attributes stabilize and no new reallocated sectors; successful read/write tests.,medium,Vendor KB / SMART docs (paraphrased)
DISK-064,Disk_SMART,File system corruption detected,Corrupt_filesystem,System logs indicate repeated read/write errors (Corrupt_filesystem),Firmware bug in drive,Backup data immediately to external media or cloud,Reseat cables and try different SATA port; test on another machine,Replace drive if reallocated sector count continues to grow,SMART attributes stabilize and no new reallocated sectors; successful read/write tests.,high,Vendor KB / SMART docs (paraphrased)
DISK-065,Disk_SMART,SMART imminent failure,SMART_PANIC,Slow file access and IO timeouts; SMART attribute SMART_PANIC rising,Unclean shutdowns causing file system damage,Replace drive if reallocated sector count continues to grow,Check SMART with `smartctl -a` and review reallocated/pending sectors,Backup data immediately to external media or cloud,SMART attributes stabilize and no new reallocated sectors; successful read/write tests.,medium,Vendor KB / SMART docs (paraphrased)
DISK-066,Disk_SMART,Reallocated sectors increasing,Reallocated_Sector_Count,System logs indicate repeated read/write errors (Reallocated_Sector_Count),Physical media degradation (bad sectors),Reseat cables and try different SATA port; test on another machine,Check SMART with `smartctl -a` and review reallocated/pending sectors,Replace drive if reallocated sector count continues to grow,SMART attributes stabilize and no new reallocated sectors; successful read/write tests.,medium,Vendor KB / SMART docs (paraphrased)
DISK-067,Disk_SMART,RAID degraded or rebuild failed,RAID_degraded,System logs indicate repeated read/write errors (RAID_degraded),Firmware bug in drive,Backup data immediately to external media or cloud,Run `chkdsk /f /r` on affected volume (Windows) or `fsck` (Linux),Reseat cables and try different SATA port; test on another machine,SMART attributes stabilize and no new reallocated sectors; successful read/write tests.,high,Vendor KB / SMART docs (paraphrased)
DISK-068,Disk_SMART,RAID degraded or rebuild failed,RAID_degraded,Slow file access and IO timeouts; SMART attribute RAID_degraded rising,Firmware bug in drive,Replace drive if reallocated sector count continues to grow,Run `chkdsk /f /r` on affected volume (Windows) or `fsck` (Linux),Check SMART with `smartctl -a` and review reallocated/pending sectors,SMART attributes stabilize and no new reallocated sectors; successful read/write tests.,high,Vendor KB / SMART docs (paraphrased)
DISK-069,Disk_SMART,File system corruption detected,Corrupt_filesystem,Slow file access and IO timeouts; SMART attribute Corrupt_filesystem rising,Firmware bug in drive,Reseat cables and try different SATA port; test on another machine,Backup data immediately to external media or cloud,Replace drive if reallocated sector count continues to grow,SMART attributes stabilize and no new reallocated sectors; successful read/write tests.,high,Vendor KB / SMART docs (paraphrased)
DISK-070,Disk_SMART,Reallocated sectors increasing,Reallocated_Sector_Count,System logs indicate repeated read/write errors (Reallocated_Sector_Count),Unclean shutdowns causing file system damage,Backup data immediately to external media or cloud,Replace drive if reallocated sector count continues to grow,Reseat cables and try different SATA port; test on another machine,SMART attributes stabilize and no new reallocated sectors; successful read/write tests.,high,Vendor KB / SMART docs (paraphrased)
DISK-071,Disk_SMART,Boot disk not found,Boot_disk_not_found,System logs indicate repeated read/write errors (Boot_disk_not_found),Firmware bug in drive,Replace drive if reallocated sector count continues to grow,Reseat cables and try different SATA port; test on another machine,Check SMART with `smartctl -a` and review reallocated/pending sectors,SMART attributes stabilize and no new reallocated sectors; successful read/write tests.,high,Vendor KB / SMART docs (paraphrased)
DISK-072,Disk_SMART,Boot disk not found,Boot_disk_not_found,Slow file access and IO timeouts; SMART attribute Boot_disk_not_found rising,Physical media degradation (bad sectors),Reseat cables and try different SATA port; test on another machine,Replace drive if reallocated sector count continues to grow,Run `chkdsk /f /r` on affected volume (Windows) or `fsck` (Linux),SMART attributes stabilize and no new reallocated sectors; successful read/write tests.,high,Vendor KB / SMART docs (paraphrased)
DISK-073,Disk_SMART,I/O device error,I/O_DEVICE_ERROR,SMART report shows I/O_DEVICE_ERROR on drive,Unclean shutdowns causing file system damage,Reseat cables and try different SATA port; test on another machine,Run `chkdsk /f /r` on affected volume (Windows) or `fsck` (Linux),Replace drive if reallocated sector count continues to grow,SMART attributes stabilize and no new reallocated sectors; successful read/write tests.,high,Vendor KB / SMART docs (paraphrased)
DISK-074,Disk_SMART,I/O device error,I/O_DEVICE_ERROR,Slow file access and IO timeouts; SMART attribute I/O_DEVICE_ERROR rising,Firmware bug in drive,Backup data immediately to external media or cloud,Reseat cables and try different SATA port; test on another machine,Run `chkdsk /f /r` on affected volume (Windows) or `fsck` (Linux),SMART attributes stabilize and no new reallocated sectors; successful read/write tests.,high,Vendor KB / SMART docs (paraphrased)
DISK-075,Disk_SMART,Pending sector count warning,Pending_Sector_Count,System logs indicate repeated read/write errors (Pending_Sector_Count),Physical media degradation (bad sectors),Run `chkdsk /f /r` on affected volume (Windows) or `fsck` (Linux),Backup data immediately to external media or cloud,Reseat cables and try different SATA port; test on another machine,SMART attributes stabilize and no new reallocated sectors; successful read/write tests.,medium,Vendor KB / SMART docs (paraphrased)
DISK-076,Disk_SMART,SMART imminent failure,SMART_PANIC,SMART report shows SMART_PANIC on drive,Loose SATA/Power cable or failing controller,Backup data immediately to external media or cloud,Run `chkdsk /f /r` on affected volume (Windows) or `fsck` (Linux),Check SMART with `smartctl -a` and review reallocated/pending sectors,SMART attributes stabilize and no new reallocated sectors; successful read/write tests.,high,Vendor KB / SMART docs (paraphrased)
DISK-077,Disk_SMART,SMART imminent failure,SMART_PANIC,System logs indicate repeated read/write errors (SMART_PANIC),Loose SATA/Power cable or failing controller,Replace drive if reallocated sector count continues to grow,Backup data immediately to external media or cloud,Run `chkdsk /f /r` on affected volume (Windows) or `fsck` (Linux),SMART attributes stabilize and no new reallocated sectors; successful read/write tests.,high,Vendor KB / SMART docs (paraphrased)
DISK-078,Disk_SMART,Frequent read errors,Read_Error,Slow file access and IO timeouts; SMART attribute Read_Error rising,Firmware bug in drive,Run `chkdsk /f /r` on affected volume (Windows) or `fsck` (Linux),Backup data immediately to external media or cloud,Check SMART with `smartctl -a` and review reallocated/pending sectors,SMART attributes stabilize and no new reallocated sectors; successful read/write tests.,high,Vendor KB / SMART docs (paraphrased)
DISK-079,Disk_SMART,Frequent read errors,Read_Error,SMART report shows Read_Error on drive,Firmware bug in drive,Run `chkdsk /f /r` on affected volume (Windows) or `fsck` (Linux),Check SMART with `smartctl -a` and review reallocated/pending sectors,Backup data immediately to external media or cloud,SMART attributes stabilize and no new reallocated sectors; successful read/write tests.,high,Vendor KB / SMART docs (paraphrased)
DISK-080,Disk_SMART,Slow disk I/O performance,Slow_IO,SMART report shows Slow_IO on drive,Loose SATA/Power cable or failing controller,Reseat cables and try different SATA port; test on another machine,Backup data immediately to external media or cloud,Check SMART with `smartctl -a` and review reallocated/pending sectors,SMART attributes stabilize and no new reallocated sectors; successful read/write tests.,high,Vendor KB / SMART docs (paraphrased)
DISK-081,Disk_SMART,File system corruption detected,Corrupt_filesystem,System logs indicate repeated read/write errors (Corrupt_filesystem),Firmware bug in drive,Replace drive if reallocated sector count continues to grow,Backup data immediately to external media or cloud,Run `chkdsk /f /r` on affected volume (Windows) or `fsck` (Linux),SMART attributes stabilize and no new reallocated sectors; successful read/write tests.,high,Vendor KB / SMART docs (paraphrased)
DISK-082,Disk_SMART,RAID degraded or rebuild failed,RAID_degraded,SMART report shows RAID_degraded on drive,Firmware bug in drive,Reseat cables and try different SATA port; test on another machine,Backup data immediately to external media or cloud,Replace drive if reallocated sector count continues to grow,SMART attributes stabilize and no new reallocated sectors; successful read/write tests.,medium,Vendor KB / SMART docs (paraphrased)
DISK-083,Disk_SMART,Boot disk not found,Boot_disk_not_found,System logs indicate repeated read/write errors (Boot_disk_not_found),Physical media degradation (bad sectors),Reseat cables and try different SATA port; test on another machine,Replace drive if reallocated sector count continues to grow,Backup data immediately to external media or cloud,SMART attributes stabilize and no new reallocated sectors; successful read/write tests.,high,Vendor KB / SMART docs (paraphrased)
DISK-084,Disk_SMART,I/O device error,I/O_DEVICE_ERROR,Slow file access and IO timeouts; SMART attribute I/O_DEVICE_ERROR rising,Loose SATA/Power cable or failing controller,Backup data immediately to external media or cloud,Run `chkdsk /f /r` on affected volume (Windows) or `fsck` (Linux),Reseat cables and try different SATA port; test on another machine,SMART attributes stabilize and no new reallocated sectors; successful read/write tests.,medium,Vendor KB / SMART docs (paraphrased)
DISK-085,Disk_SMART,Boot disk not found,Boot_disk_not_found,Slow file access and IO timeouts; SMART attribute Boot_disk_not_found rising,Firmware bug in drive,Reseat cables and try different SATA port; test on another machine,Replace drive if reallocated sector count continues to grow,Backup data immediately to external media or cloud,SMART attributes stabilize and no new reallocated sectors; successful read/write tests.,high,Vendor KB / SMART docs (paraphrased)
DISK-086,Disk_SMART,Disk not responding intermittently,Disk_No_Response,Slow file access and IO timeouts; SMART attribute Disk_No_Response rising,Loose SATA/Power cable or failing controller,Reseat cables and try different SATA port; test on another machine,Replace drive if reallocated sector count continues to grow,Backup data immediately to external media or cloud,SMART attributes stabilize and no new reallocated sectors; successful read/write tests.,medium,Vendor KB / SMART docs (paraphrased)
DISK-087,Disk_SMART,I/O device error,I/O_DEVICE_ERROR,System logs indicate repeated read/write errors (I/O_DEVICE_ERROR),Unclean shutdowns causing file system damage,Reseat cables and try different SATA port; test on another machine,Backup data immediately to external media or cloud,Run `chkdsk /f /r` on affected volume (Windows) or `fsck` (Linux),SMART attributes stabilize and no new reallocated sectors; successful read/write tests.,medium,Vendor KB / SMART docs (paraphrased)
DISK-088,Disk_SMART,I/O device error,I/O_DEVICE_ERROR,Slow file access and IO timeouts; SMART attribute I/O_DEVICE_ERROR rising,Firmware bug in drive,Check SMART with `smartctl -a` and review reallocated/pending sectors,Run `chkdsk /f /r` on affected volume (Windows) or `fsck` (Linux),Replace drive if reallocated sector count continues to grow,SMART attributes stabilize and no new reallocated sectors; successful read/write tests.,medium,Vendor KB / SMART docs (paraphrased)
DISK-089,Disk_SMART,Pending sector count warning,Pending_Sector_Count,SMART report shows Pending_Sector_Count on drive,Physical media degradation (bad sectors),Backup data immediately to external media or cloud,Reseat cables and try different SATA port; test on another machine,Replace drive if reallocated sector count continues to grow,SMART attributes stabilize and no new reallocated sectors; successful read/write tests.,medium,Vendor KB / SMART docs (paraphrased)
DISK-090,Disk_SMART,Frequent read errors,Read_Error,Slow file access and IO timeouts; SMART attribute Read_Error rising,Physical media degradation (bad sectors),Replace drive if reallocated sector count continues to grow,Check SMART with `smartctl -a` and review reallocated/pending sectors,Reseat cables and try different SATA port; test on another machine,SMART attributes stabilize and no new reallocated sectors; successful read/write tests.,high,Vendor KB / SMART docs (paraphrased)
DISK-091,Disk_SMART,Boot disk not found,Boot_disk_not_found,System logs indicate repeated read/write errors (Boot_disk_not_found),Unclean shutdowns causing file system damage,Backup data immediately to external media or cloud,Check SMART with `smartctl -a` and review reallocated/pending sectors,Reseat cables and try different SATA port; test on another machine,SMART attributes stabilize and no new reallocated sectors; successful read/write tests.,medium,Vendor KB / SMART docs (paraphrased)
DISK-092,Disk_SMART,I/O device error,I/O_DEVICE_ERROR,SMART report shows I/O_DEVICE_ERROR on drive,Loose SATA/Power cable or failing controller,Run `chkdsk /f /r` on affected volume (Windows) or `fsck` (Linux),Reseat cables and try different SATA port; test on another machine,Backup data immediately to external media or cloud,SMART attributes stabilize and no new reallocated sectors; successful read/write tests.,high,Vendor KB / SMART docs (paraphrased)
DISK-093,Disk_SMART,I/O device error,I/O_DEVICE_ERROR,Slow file access and IO timeouts; SMART attribute I/O_DEVICE_ERROR rising,Firmware bug in drive,Backup data immediately to external media or cloud,Check SMART with `smartctl -a` and review reallocated/pending sectors,Reseat cables and try different SATA port; test on another machine,SMART attributes stabilize and no new reallocated sectors; successful read/write tests.,high,Vendor KB / SMART docs (paraphrased)
DISK-094,Disk_SMART,Boot disk not found,Boot_disk_not_found,Slow file access and IO timeouts; SMART attribute Boot_disk_not_found rising,Physical media degradation (bad sectors),Replace drive if reallocated sector count continues to grow,Check SMART with `smartctl -a` and review reallocated/pending sectors,Backup data immediately to external media or cloud,SMART attributes stabilize and no new reallocated sectors; successful read/write tests.,high,Vendor KB / SMART docs (paraphrased)
DISK-095,Disk_SMART,Slow disk I/O performance,Slow_IO,Slow file access and IO timeouts; SMART attribute Slow_IO rising,Firmware bug in drive,Check SMART with `smartctl -a` and review reallocated/pending sectors,Replace drive if reallocated sector count continues to grow,Backup data immediately to external media or cloud,SMART attributes stabilize and no new reallocated sectors; successful read/write tests.,high,Vendor KB / SMART docs (paraphrased)
DISK-096,Disk_SMART,Frequent read errors,Read_Error,Slow file access and IO timeouts; SMART attribute Read_Error rising,Unclean shutdowns causing file system damage,Backup data immediately to external media or cloud,Run `chkdsk /f /r` on affected volume (Windows) or `fsck` (Linux),Check SMART with `smartctl -a` and review reallocated/pending sectors,SMART attributes stabilize and no new reallocated sectors; successful read/write tests.,high,Vendor KB / SMART docs (paraphrased)
DISK-097,Disk_SMART,Pending sector count warning,Pending_Sector_Count,Slow file access and IO timeouts; SMART attribute Pending_Sector_Count rising,Loose SATA/Power cable or failing controller,Reseat cables and try different SATA port; test on another machine,Replace drive if reallocated sector count continues to grow,Run `chkdsk /f /r` on affected volume (Windows) or `fsck` (Linux),SMART attributes stabilize and no new reallocated sectors; successful read/write tests.,medium,Vendor KB / SMART docs (paraphrased)
DISK-098,Disk_SMART,Frequent read errors,Read_Error,System logs indicate repeated read/write errors (Read_Error),Firmware bug in drive,Check SMART with `smartctl -a` and review reallocated/pending sectors,Backup data immediately to external media or cloud,Reseat cables and try different SATA port; test on another machine,SMART attributes stabilize and no new reallocated sectors; successful read/write tests.,high,Vendor KB / SMART docs (paraphrased)
DISK-099,Disk_SMART,Frequent read errors,Read_Error,Slow file access and IO timeouts; SMART attribute Read_Error rising,Physical media degradation (bad sectors),Backup data immediately to external media or cloud,Check SMART with `smartctl -a` and review reallocated/pending sectors,Run `chkdsk /f /r` on affected volume (Windows) or `fsck` (Linux),SMART attributes stabilize and no new reallocated sectors; successful read/write tests.,medium,Vendor KB / SMART docs (paraphrased)
DISK-100,Disk_SMART,File system corruption detected,Corrupt_filesystem,Slow file access and IO timeouts; SMART attribute Corrupt_filesystem rising,Unclean shutdowns causing file system damage,Reseat cables and try different SATA port; test on another machine,Check SMART with `smartctl -a` and review reallocated/pending sectors,Backup data immediately to external media or cloud,SMART attributes stabilize and no new reallocated sectors; successful read/write tests.,high,Vendor KB / SMART docs (paraphrased)
NET-001,Network,High packet loss in gaming/streaming,Packet_Loss,System loses internet intermittently; log shows Packet_Loss,ISP outage or DNS server issue,Check adapter drivers; reinstall or update network driver,Reset TCP/IP stack: `netsh int ip reset` and reboot,"Test with different DNS (e.g., 8.8.8.8 / 1.1.1.1)",Internet restored consistently; run `ping` and `tracert` checks for stability.,low,ISP docs / networking guides (paraphrased)
NET-002,Network,Very slow web browsing across sites,Slow_Browsing,Browser shows DNS error: Very slow web browsing across sites,Incorrect network adapter settings or driver,Reset TCP/IP stack: `netsh int ip reset` and reboot,Restart router/modem; power-cycle network devices,"Test with different DNS (e.g., 8.8.8.8 / 1.1.1.1)",Internet restored consistently; run `ping` and `tracert` checks for stability.,low,ISP docs / networking guides (paraphrased)
NET-003,Network,DHCP address assignment failed,DHCP_Failure,System loses internet intermittently; log shows DHCP_Failure,Incorrect network adapter settings or driver,Flush DNS cache: `ipconfig /flushdns` and renew IP: `ipconfig /release` / `ipconfig /renew`,Check adapter drivers; reinstall or update network driver,"Test with different DNS (e.g., 8.8.8.8 / 1.1.1.1)",Internet restored consistently; run `ping` and `tracert` checks for stability.,low,ISP docs / networking guides (paraphrased)
NET-004,Network,High packet loss in gaming/streaming,Packet_Loss,Browser shows DNS error: High packet loss in gaming/streaming,ISP outage or DNS server issue,Reset TCP/IP stack: `netsh int ip reset` and reboot,"Test with different DNS (e.g., 8.8.8.8 / 1.1.1.1)",Restart router/modem; power-cycle network devices,Internet restored consistently; run `ping` and `tracert` checks for stability.,low,ISP docs / networking guides (paraphrased)
NET-005,Network,Limited connectivity / no internet,Limited_Connectivity,System loses internet intermittently; log shows Limited_Connectivity,Incorrect network adapter settings or driver,"Test with different DNS (e.g., 8.8.8.8 / 1.1.1.1)",Check adapter drivers; reinstall or update network driver,Restart router/modem; power-cycle network devices,Internet restored consistently; run `ping` and `tracert` checks for stability.,low,ISP docs / networking guides (paraphrased)
NET-006,Network,Wi-Fi authentication failed,WiFi_Auth_Failure,Cannot obtain IP address; DHCP timeout (WiFi_Auth_Failure),ISP outage or DNS server issue,Reset TCP/IP stack: `netsh int ip reset` and reboot,Restart router/modem; power-cycle network devices,Flush DNS cache: `ipconfig /flushdns` and renew IP: `ipconfig /release` / `ipconfig /renew`,Internet restored consistently; run `ping` and `tracert` checks for stability.,low,ISP docs / networking guides (paraphrased)
NET-007,Network,Network disconnected,Network_Disconnected,System loses internet intermittently; log shows Network_Disconnected,Corrupted TCP/IP stack or misconfigured proxy,"Test with different DNS (e.g., 8.8.8.8 / 1.1.1.1)",Reset TCP/IP stack: `netsh int ip reset` and reboot,Check adapter drivers; reinstall or update network driver,Internet restored consistently; run `ping` and `tracert` checks for stability.,low,ISP docs / networking guides (paraphrased)
NET-008,Network,Wi-Fi authentication failed,WiFi_Auth_Failure,System loses internet intermittently; log shows WiFi_Auth_Failure,ISP outage or DNS server issue,Reset TCP/IP stack: `netsh int ip reset` and reboot,Restart router/modem; power-cycle network devices,Flush DNS cache: `ipconfig /flushdns` and renew IP: `ipconfig /release` / `ipconfig /renew`,Internet restored consistently; run `ping` and `tracert` checks for stability.,low,ISP docs / networking guides (paraphrased)
NET-009,Network,Limited connectivity / no internet,Limited_Connectivity,Cannot obtain IP address; DHCP timeout (Limited_Connectivity),Corrupted TCP/IP stack or misconfigured proxy,Check adapter drivers; reinstall or update network driver,Restart router/modem; power-cycle network devices,Flush DNS cache: `ipconfig /flushdns` and renew IP: `ipconfig /release` / `ipconfig /renew`,Internet restored consistently; run `ping` and `tracert` checks for stability.,low,ISP docs / networking guides (paraphrased)
NET-010,Network,Network disconnected,Network_Disconnected,Browser shows DNS error: Network disconnected,Corrupted TCP/IP stack or misconfigured proxy,"Test with different DNS (e.g., 8.8.8.8 / 1.1.1.1)",Reset TCP/IP stack: `netsh int ip reset` and reboot,Check adapter drivers; reinstall or update network driver,Internet restored consistently; run `ping` and `tracert` checks for stability.,low,ISP docs / networking guides (paraphrased)
NET-011,Network,Network disconnected,Network_Disconnected,System loses internet intermittently; log shows Network_Disconnected,Router/modem needs restart or firmware update,Check adapter drivers; reinstall or update network driver,Flush DNS cache: `ipconfig /flushdns` and renew IP: `ipconfig /release` / `ipconfig /renew`,Reset TCP/IP stack: `netsh int ip reset` and reboot,Internet restored consistently; run `ping` and `tracert` checks for stability.,low,ISP docs / networking guides (paraphrased)
NET-012,Network,Limited connectivity / no internet,Limited_Connectivity,Browser shows DNS error: Limited connectivity / no internet,ISP outage or DNS server issue,"Test with different DNS (e.g., 8.8.8.8 / 1.1.1.1)",Flush DNS cache: `ipconfig /flushdns` and renew IP: `ipconfig /release` / `ipconfig /renew`,Reset TCP/IP stack: `netsh int ip reset` and reboot,Internet restored consistently; run `ping` and `tracert` checks for stability.,low,ISP docs / networking guides (paraphrased)
NET-013,Network,High packet loss in gaming/streaming,Packet_Loss,Cannot obtain IP address; DHCP timeout (Packet_Loss),Incorrect network adapter settings or driver,Flush DNS cache: `ipconfig /flushdns` and renew IP: `ipconfig /release` / `ipconfig /renew`,Restart router/modem; power-cycle network devices,Reset TCP/IP stack: `netsh int ip reset` and reboot,Internet restored consistently; run `ping` and `tracert` checks for stability.,low,ISP docs / networking guides (paraphrased)
NET-014,Network,Very slow web browsing across sites,Slow_Browsing,Browser shows DNS error: Very slow web browsing across sites,Incorrect network adapter settings or driver,"Test with different DNS (e.g., 8.8.8.8 / 1.1.1.1)",Flush DNS cache: `ipconfig /flushdns` and renew IP: `ipconfig /release` / `ipconfig /renew`,Check adapter drivers; reinstall or update network driver,Internet restored consistently; run `ping` and `tracert` checks for stability.,low,ISP docs / networking guides (paraphrased)
NET-015,Network,Network disconnected,Network_Disconnected,Browser shows DNS error: Network disconnected,Corrupted TCP/IP stack or misconfigured proxy,Reset TCP/IP stack: `netsh int ip reset` and reboot,"Test with different DNS (e.g., 8.8.8.8 / 1.1.1.1)",Check adapter drivers; reinstall or update network driver,Internet restored consistently; run `ping` and `tracert` checks for stability.,low,ISP docs / networking guides (paraphrased)
NET-016,Network,Proxy configuration error,Proxy_Error,Cannot obtain IP address; DHCP timeout (Proxy_Error),Router/modem needs restart or firmware update,Check adapter drivers; reinstall or update network driver,Flush DNS cache: `ipconfig /flushdns` and renew IP: `ipconfig /release` / `ipconfig /renew`,Reset TCP/IP stack: `netsh int ip reset` and reboot,Internet restored consistently; run `ping` and `tracert` checks for stability.,low,ISP docs / networking guides (paraphrased)
NET-017,Network,Network disconnected,Network_Disconnected,System loses internet intermittently; log shows Network_Disconnected,Corrupted TCP/IP stack or misconfigured proxy,Check adapter drivers; reinstall or update network driver,"Test with different DNS (e.g., 8.8.8.8 / 1.1.1.1)",Reset TCP/IP stack: `netsh int ip reset` and reboot,Internet restored consistently; run `ping` and `tracert` checks for stability.,low,ISP docs / networking guides (paraphrased)
NET-018,Network,DNS resolution failure,DNS_PROBE_FINISHED_NXDOMAIN,System loses internet intermittently; log shows DNS_PROBE_FINISHED_NXDOMAIN,ISP outage or DNS server issue,Check adapter drivers; reinstall or update network driver,Reset TCP/IP stack: `netsh int ip reset` and reboot,Flush DNS cache: `ipconfig /flushdns` and renew IP: `ipconfig /release` / `ipconfig /renew`,Internet restored consistently; run `ping` and `tracert` checks for stability.,low,ISP docs / networking guides (paraphrased)
NET-019,Network,DNS resolution failure,DNS_PROBE_FINISHED_NXDOMAIN,Browser shows DNS error: DNS resolution failure,Router/modem needs restart or firmware update,Check adapter drivers; reinstall or update network driver,Restart router/modem; power-cycle network devices,"Test with different DNS (e.g., 8.8.8.8 / 1.1.1.1)",Internet restored consistently; run `ping` and `tracert` checks for stability.,low,ISP docs / networking guides (paraphrased)
NET-020,Network,Network disconnected,Network_Disconnected,Cannot obtain IP address; DHCP timeout (Network_Disconnected),Corrupted TCP/IP stack or misconfigured proxy,Reset TCP/IP stack: `netsh int ip reset` and reboot,Restart router/modem; power-cycle network devices,Flush DNS cache: `ipconfig /flushdns` and renew IP: `ipconfig /release` / `ipconfig /renew`,Internet restored consistently; run `ping` and `tracert` checks for stability.,low,ISP docs / networking guides (paraphrased)
NET-021,Network,Proxy configuration error,Proxy_Error,Cannot obtain IP address; DHCP timeout (Proxy_Error),Incorrect network adapter settings or driver,Check adapter drivers; reinstall or update network driver,Reset TCP/IP stack: `netsh int ip reset` and reboot,"Test with different DNS (e.g., 8.8.8.8 / 1.1.1.1)",Internet restored consistently; run `ping` and `tracert` checks for stability.,low,ISP docs / networking guides (paraphrased)
NET-022,Network,Limited connectivity / no internet,Limited_Connectivity,Browser shows DNS error: Limited connectivity / no internet,Corrupted TCP/IP stack or misconfigured proxy,Restart router/modem; power-cycle network devices,Check adapter drivers; reinstall or update network driver,Reset TCP/IP stack: `netsh int ip reset` and reboot,Internet restored consistently; run `ping` and `tracert` checks for stability.,low,ISP docs / networking guides (paraphrased)
NET-023,Network,Network disconnected,Network_Disconnected,Cannot obtain IP address; DHCP timeout (Network_Disconnected),Incorrect network adapter settings or driver,Restart router/modem; power-cycle network devices,Flush DNS cache: `ipconfig /flushdns` and renew IP: `ipconfig /release` / `ipconfig /renew`,Check adapter drivers; reinstall or update network driver,Internet restored consistently; run `ping` and `tracert` checks for stability.,low,ISP docs / networking guides (paraphrased)
NET-024,Network,IP address conflict detected,IP_Conflict,System loses internet intermittently; log shows IP_Conflict,Incorrect network adapter settings or driver,Check adapter drivers; reinstall or update network driver,"Test with different DNS (e.g., 8.8.8.8 / 1.1.1.1)",Flush DNS cache: `ipconfig /flushdns` and renew IP: `ipconfig /release` / `ipconfig /renew`,Internet restored consistently; run `ping` and `tracert` checks for stability.,low,ISP docs / networking guides (paraphrased)
NET-025,Network,Wi-Fi authentication failed,WiFi_Auth_Failure,System loses internet intermittently; log shows WiFi_Auth_Failure,Router/modem needs restart or firmware update,"Test with different DNS (e.g., 8.8.8.8 / 1.1.1.1)",Restart router/modem; power-cycle network devices,Check adapter drivers; reinstall or update network driver,Internet restored consistently; run `ping` and `tracert` checks for stability.,low,ISP docs / networking guides (paraphrased)
NET-026,Network,High packet loss in gaming/streaming,Packet_Loss,Browser shows DNS error: High packet loss in gaming/streaming,Router/modem needs restart or firmware update,Restart router/modem; power-cycle network devices,Reset TCP/IP stack: `netsh int ip reset` and reboot,Flush DNS cache: `ipconfig /flushdns` and renew IP: `ipconfig /release` / `ipconfig /renew`,Internet restored consistently; run `ping` and `tracert` checks for stability.,low,ISP docs / networking guides (paraphrased)
NET-027,Network,Very slow web browsing across sites,Slow_Browsing,Cannot obtain IP address; DHCP timeout (Slow_Browsing),Incorrect network adapter settings or driver,Check adapter drivers; reinstall or update network driver,Restart router/modem; power-cycle network devices,"Test with different DNS (e.g., 8.8.8.8 / 1.1.1.1)",Internet restored consistently; run `ping` and `tracert` checks for stability.,low,ISP docs / networking guides (paraphrased)
NET-028,Network,Limited connectivity / no internet,Limited_Connectivity,System loses internet intermittently; log shows Limited_Connectivity,Router/modem needs restart or firmware update,Reset TCP/IP stack: `netsh int ip reset` and reboot,Flush DNS cache: `ipconfig /flushdns` and renew IP: `ipconfig /release` / `ipconfig /renew`,Check adapter drivers; reinstall or update network driver,Internet restored consistently; run `ping` and `tracert` checks for stability.,low,ISP docs / networking guides (paraphrased)
NET-029,Network,Network disconnected,Network_Disconnected,System loses internet intermittently; log shows Network_Disconnected,Corrupted TCP/IP stack or misconfigured proxy,Check adapter drivers; reinstall or update network driver,Flush DNS cache: `ipconfig /flushdns` and renew IP: `ipconfig /release` / `ipconfig /renew`,"Test with different DNS (e.g., 8.8.8.8 / 1.1.1.1)",Internet restored consistently; run `ping` and `tracert` checks for stability.,low,ISP docs / networking guides (paraphrased)
NET-030,Network,Gateway not reachable,Gateway_Unreachable,Browser shows DNS error: Gateway not reachable,Corrupted TCP/IP stack or misconfigured proxy,"Test with different DNS (e.g., 8.8.8.8 / 1.1.1.1)",Check adapter drivers; reinstall or update network driver,Restart router/modem; power-cycle network devices,Internet restored consistently; run `ping` and `tracert` checks for stability.,low,ISP docs / networking guides (paraphrased)
NET-031,Network,High packet loss in gaming/streaming,Packet_Loss,System loses internet intermittently; log shows Packet_Loss,Incorrect network adapter settings or driver,Flush DNS cache: `ipconfig /flushdns` and renew IP: `ipconfig /release` / `ipconfig /renew`,Check adapter drivers; reinstall or update network driver,"Test with different DNS (e.g., 8.8.8.8 / 1.1.1.1)",Internet restored consistently; run `ping` and `tracert` checks for stability.,low,ISP docs / networking guides (paraphrased)
NET-032,Network,DHCP address assignment failed,DHCP_Failure,Browser shows DNS error: DHCP address assignment failed,Incorrect network adapter settings or driver,Flush DNS cache: `ipconfig /flushdns` and renew IP: `ipconfig /release` / `ipconfig /renew`,Restart router/modem; power-cycle network devices,"Test with different DNS (e.g., 8.8.8.8 / 1.1.1.1)",Internet restored consistently; run `ping` and `tracert` checks for stability.,low,ISP docs / networking guides (paraphrased)
NET-033,Network,Network disconnected,Network_Disconnected,Cannot obtain IP address; DHCP timeout (Network_Disconnected),ISP outage or DNS server issue,Check adapter drivers; reinstall or update network driver,Flush DNS cache: `ipconfig /flushdns` and renew IP: `ipconfig /release` / `ipconfig /renew`,"Test with different DNS (e.g., 8.8.8.8 / 1.1.1.1)",Internet restored consistently; run `ping` and `tracert` checks for stability.,low,ISP docs / networking guides (paraphrased)
NET-034,Network,Wi-Fi authentication failed,WiFi_Auth_Failure,Browser shows DNS error: Wi-Fi authentication failed,Incorrect network adapter settings or driver,Flush DNS cache: `ipconfig /flushdns` and renew IP: `ipconfig /release` / `ipconfig /renew`,"Test with different DNS (e.g., 8.8.8.8 / 1.1.1.1)",Check adapter drivers; reinstall or update network driver,Internet restored consistently; run `ping` and `tracert` checks for stability.,low,ISP docs / networking guides (paraphrased)
NET-035,Network,IP address conflict detected,IP_Conflict,Browser shows DNS error: IP address conflict detected,Corrupted TCP/IP stack or misconfigured proxy,Check adapter drivers; reinstall or update network driver,Flush DNS cache: `ipconfig /flushdns` and renew IP: `ipconfig /release` / `ipconfig /renew`,Reset TCP/IP stack: `netsh int ip reset` and reboot,Internet restored consistently; run `ping` and `tracert` checks for stability.,low,ISP docs / networking guides (paraphrased)
NET-036,Network,Proxy configuration error,Proxy_Error,System loses internet intermittently; log shows Proxy_Error,Corrupted TCP/IP stack or misconfigured proxy,Flush DNS cache: `ipconfig /flushdns` and renew IP: `ipconfig /release` / `ipconfig /renew`,"Test with different DNS (e.g., 8.8.8.8 / 1.1.1.1)",Reset TCP/IP stack: `netsh int ip reset` and reboot,Internet restored consistently; run `ping` and `tracert` checks for stability.,low,ISP docs / networking guides (paraphrased)
NET-037,Network,IP address conflict detected,IP_Conflict,Browser shows DNS error: IP address conflict detected,Router/modem needs restart or firmware update,"Test with different DNS (e.g., 8.8.8.8 / 1.1.1.1)",Reset TCP/IP stack: `netsh int ip reset` and reboot,Flush DNS cache: `ipconfig /flushdns` and renew IP: `ipconfig /release` / `ipconfig /renew`,Internet restored consistently; run `ping` and `tracert` checks for stability.,low,ISP docs / networking guides (paraphrased)
NET-038,Network,Very slow web browsing across sites,Slow_Browsing,System loses internet intermittently; log shows Slow_Browsing,Corrupted TCP/IP stack or misconfigured proxy,Flush DNS cache: `ipconfig /flushdns` and renew IP: `ipconfig /release` / `ipconfig /renew`,"Test with different DNS (e.g., 8.8.8.8 / 1.1.1.1)",Check adapter drivers; reinstall or update network driver,Internet restored consistently; run `ping` and `tracert` checks for stability.,low,ISP docs / networking guides (paraphrased)
NET-039,Network,Limited connectivity / no internet,Limited_Connectivity,System loses internet intermittently; log shows Limited_Connectivity,ISP outage or DNS server issue,Reset TCP/IP stack: `netsh int ip reset` and reboot,Check adapter drivers; reinstall or update network driver,"Test with different DNS (e.g., 8.8.8.8 / 1.1.1.1)",Internet restored consistently; run `ping` and `tracert` checks for stability.,low,ISP docs / networking guides (paraphrased)
NET-040,Network,Network disconnected,Network_Disconnected,Cannot obtain IP address; DHCP timeout (Network_Disconnected),ISP outage or DNS server issue,Check adapter drivers; reinstall or update network driver,Restart router/modem; power-cycle network devices,Reset TCP/IP stack: `netsh int ip reset` and reboot,Internet restored consistently; run `ping` and `tracert` checks for stability.,low,ISP docs / networking guides (paraphrased)
NET-041,Network,Very slow web browsing across sites,Slow_Browsing,System loses internet intermittently; log shows Slow_Browsing,Incorrect network adapter settings or driver,Reset TCP/IP stack: `netsh int ip reset` and reboot,Restart router/modem; power-cycle network devices,"Test with different DNS (e.g., 8.8.8.8 / 1.1.1.1)",Internet restored consistently; run `ping` and `tracert` checks for stability.,low,ISP docs / networking guides (paraphrased)
NET-042,Network,IP address conflict detected,IP_Conflict,System loses internet intermittently; log shows IP_Conflict,ISP outage or DNS server issue,Reset TCP/IP stack: `netsh int ip reset` and reboot,Restart router/modem; power-cycle network devices,Flush DNS cache: `ipconfig /flushdns` and renew IP: `ipconfig /release` / `ipconfig /renew`,Internet restored consistently; run `ping` and `tracert` checks for stability.,low,ISP docs / networking guides (paraphrased)
NET-043,Network,Gateway not reachable,Gateway_Unreachable,System loses internet intermittently; log shows Gateway_Unreachable,Incorrect network adapter settings or driver,Reset TCP/IP stack: `netsh int ip reset` and reboot,Restart router/modem; power-cycle network devices,Flush DNS cache: `ipconfig /flushdns` and renew IP: `ipconfig /release` / `ipconfig /renew`,Internet restored consistently; run `ping` and `tracert` checks for stability.,low,ISP docs / networking guides (paraphrased)
NET-044,Network,DHCP address assignment failed,DHCP_Failure,Browser shows DNS error: DHCP address assignment failed,Router/modem needs restart or firmware update,Restart router/modem; power-cycle network devices,Check adapter drivers; reinstall or update network driver,"Test with different DNS (e.g., 8.8.8.8 / 1.1.1.1)",Internet restored consistently; run `ping` and `tracert` checks for stability.,low,ISP docs / networking guides (paraphrased)
NET-045,Network,Limited connectivity / no internet,Limited_Connectivity,Browser shows DNS error: Limited connectivity / no internet,Router/modem needs restart or firmware update,Reset TCP/IP stack: `netsh int ip reset` and reboot,Flush DNS cache: `ipconfig /flushdns` and renew IP: `ipconfig /release` / `ipconfig /renew`,Check adapter drivers; reinstall or update network driver,Internet restored consistently; run `ping` and `tracert` checks for stability.,low,ISP docs / networking guides (paraphrased)
NET-046,Network,IP address conflict detected,IP_Conflict,System loses internet intermittently; log shows IP_Conflict,ISP outage or DNS server issue,Restart router/modem; power-cycle network devices,"Test with different DNS (e.g., 8.8.8.8 / 1.1.1.1)",Flush DNS cache: `ipconfig /flushdns` and renew IP: `ipconfig /release` / `ipconfig /renew`,Internet restored consistently; run `ping` and `tracert` checks for stability.,low,ISP docs / networking guides (paraphrased)
NET-047,Network,DHCP address assignment failed,DHCP_Failure,Browser shows DNS error: DHCP address assignment failed,Corrupted TCP/IP stack or misconfigured proxy,Restart router/modem; power-cycle network devices,Check adapter drivers; reinstall or update network driver,"Test with different DNS (e.g., 8.8.8.8 / 1.1.1.1)",Internet restored consistently; run `ping` and `tracert` checks for stability.,low,ISP docs / networking guides (paraphrased)
NET-048,Network,Very slow web browsing across sites,Slow_Browsing,Browser shows DNS error: Very slow web browsing across sites,ISP outage or DNS server issue,Flush DNS cache: `ipconfig /flushdns` and renew IP: `ipconfig /release` / `ipconfig /renew`,Reset TCP/IP stack: `netsh int ip reset` and reboot,Check adapter drivers; reinstall or update network driver,Internet restored consistently; run `ping` and `tracert` checks for stability.,low,ISP docs / networking guides (paraphrased)
NET-049,Network,Proxy configuration error,Proxy_Error,System loses internet intermittently; log shows Proxy_Error,ISP outage or DNS server issue,Restart router/modem; power-cycle network devices,Reset TCP/IP stack: `netsh int ip reset` and reboot,Check adapter drivers; reinstall or update network driver,Internet restored consistently; run `ping` and `tracert` checks for stability.,low,ISP docs / networking guides (paraphrased)
NET-050,Network,Gateway not reachable,Gateway_Unreachable,Browser shows DNS error: Gateway not reachable,Incorrect network adapter settings or driver,Flush DNS cache: `ipconfig /flushdns` and renew IP: `ipconfig /release` / `ipconfig /renew`,Check adapter drivers; reinstall or update network driver,"Test with different DNS (e.g., 8.8.8.8 / 1.1.1.1)",Internet restored consistently; run `ping` and `tracert` checks for stability.,low,ISP docs / networking guides (paraphrased)
NET-051,Network,DNS resolution failure,DNS_PROBE_FINISHED_NXDOMAIN,Cannot obtain IP address; DHCP timeout (DNS_PROBE_FINISHED_NXDOMAIN),Router/modem needs restart or firmware update,Flush DNS cache: `ipconfig /flushdns` and renew IP: `ipconfig /release` / `ipconfig /renew`,Reset TCP/IP stack: `netsh int ip reset` and reboot,Restart router/modem; power-cycle network devices,Internet restored consistently; run `ping` and `tracert` checks for stability.,low,ISP docs / networking guides (paraphrased)
NET-052,Network,Network disconnected,Network_Disconnected,Cannot obtain IP address; DHCP timeout (Network_Disconnected),Router/modem needs restart or firmware update,Restart router/modem; power-cycle network devices,"Test with different DNS (e.g., 8.8.8.8 / 1.1.1.1)",Flush DNS cache: `ipconfig /flushdns` and renew IP: `ipconfig /release` / `ipconfig /renew`,Internet restored consistently; run `ping` and `tracert` checks for stability.,low,ISP docs / networking guides (paraphrased)
NET-053,Network,IP address conflict detected,IP_Conflict,Browser shows DNS error: IP address conflict detected,Corrupted TCP/IP stack or misconfigured proxy,Check adapter drivers; reinstall or update network driver,"Test with different DNS (e.g., 8.8.8.8 / 1.1.1.1)",Reset TCP/IP stack: `netsh int ip reset` and reboot,Internet restored consistently; run `ping` and `tracert` checks for stability.,low,ISP docs / networking guides (paraphrased)
NET-054,Network,DNS resolution failure,DNS_PROBE_FINISHED_NXDOMAIN,System loses internet intermittently; log shows DNS_PROBE_FINISHED_NXDOMAIN,ISP outage or DNS server issue,Check adapter drivers; reinstall or update network driver,Flush DNS cache: `ipconfig /flushdns` and renew IP: `ipconfig /release` / `ipconfig /renew`,"Test with different DNS (e.g., 8.8.8.8 / 1.1.1.1)",Internet restored consistently; run `ping` and `tracert` checks for stability.,low,ISP docs / networking guides (paraphrased)
NET-055,Network,Network disconnected,Network_Disconnected,Cannot obtain IP address; DHCP timeout (Network_Disconnected),Router/modem needs restart or firmware update,Flush DNS cache: `ipconfig /flushdns` and renew IP: `ipconfig /release` / `ipconfig /renew`,Restart router/modem; power-cycle network devices,"Test with different DNS (e.g., 8.8.8.8 / 1.1.1.1)",Internet restored consistently; run `ping` and `tracert` checks for stability.,low,ISP docs / networking guides (paraphrased)
NET-056,Network,Gateway not reachable,Gateway_Unreachable,System loses internet intermittently; log shows Gateway_Unreachable,Incorrect network adapter settings or driver,Reset TCP/IP stack: `netsh int ip reset` and reboot,"Test with different DNS (e.g., 8.8.8.8 / 1.1.1.1)",Check adapter drivers; reinstall or update network driver,Internet restored consistently; run `ping` and `tracert` checks for stability.,low,ISP docs / networking guides (paraphrased)
NET-057,Network,Limited connectivity / no internet,Limited_Connectivity,Browser shows DNS error: Limited connectivity / no internet,ISP outage or DNS server issue,Reset TCP/IP stack: `netsh int ip reset` and reboot,Restart router/modem; power-cycle network devices,Flush DNS cache: `ipconfig /flushdns` and renew IP: `ipconfig /release` / `ipconfig /renew`,Internet restored consistently; run `ping` and `tracert` checks for stability.,low,ISP docs / networking guides (paraphrased)
NET-058,Network,DHCP address assignment failed,DHCP_Failure,Browser shows DNS error: DHCP address assignment failed,Incorrect network adapter settings or driver,Restart router/modem; power-cycle network devices,Check adapter drivers; reinstall or update network driver,Flush DNS cache: `ipconfig /flushdns` and renew IP: `ipconfig /release` / `ipconfig /renew`,Internet restored consistently; run `ping` and `tracert` checks for stability.,low,ISP docs / networking guides (paraphrased)
NET-059,Network,Gateway not reachable,Gateway_Unreachable,System loses internet intermittently; log shows Gateway_Unreachable,Corrupted TCP/IP stack or misconfigured proxy,Check adapter drivers; reinstall or update network driver,Restart router/modem; power-cycle network devices,"Test with different DNS (e.g., 8.8.8.8 / 1.1.1.1)",Internet restored consistently; run `ping` and `tracert` checks for stability.,low,ISP docs / networking guides (paraphrased)
NET-060,Network,DHCP address assignment failed,DHCP_Failure,System loses internet intermittently; log shows DHCP_Failure,Router/modem needs restart or firmware update,Restart router/modem; power-cycle network devices,Check adapter drivers; reinstall or update network driver,Flush DNS cache: `ipconfig /flushdns` and renew IP: `ipconfig /release` / `ipconfig /renew`,Internet restored consistently; run `ping` and `tracert` checks for stability.,low,ISP docs / networking guides (paraphrased)
NET-061,Network,Network disconnected,Network_Disconnected,System loses internet intermittently; log shows Network_Disconnected,Corrupted TCP/IP stack or misconfigured proxy,Reset TCP/IP stack: `netsh int ip reset` and reboot,"Test with different DNS (e.g., 8.8.8.8 / 1.1.1.1)",Flush DNS cache: `ipconfig /flushdns` and renew IP: `ipconfig /release` / `ipconfig /renew`,Internet restored consistently; run `ping` and `tracert` checks for stability.,low,ISP docs / networking guides (paraphrased)
NET-062,Network,High packet loss in gaming/streaming,Packet_Loss,Browser shows DNS error: High packet loss in gaming/streaming,Corrupted TCP/IP stack or misconfigured proxy,Reset TCP/IP stack: `netsh int ip reset` and reboot,Check adapter drivers; reinstall or update network driver,"Test with different DNS (e.g., 8.8.8.8 / 1.1.1.1)",Internet restored consistently; run `ping` and `tracert` checks for stability.,low,ISP docs / networking guides (paraphrased)
NET-063,Network,Very slow web browsing across sites,Slow_Browsing,Browser shows DNS error: Very slow web browsing across sites,Corrupted TCP/IP stack or misconfigured proxy,Restart router/modem; power-cycle network devices,Reset TCP/IP stack: `netsh int ip reset` and reboot,Check adapter drivers; reinstall or update network driver,Internet restored consistently; run `ping` and `tracert` checks for stability.,low,ISP docs / networking guides (paraphrased)
NET-064,Network,Limited connectivity / no internet,Limited_Connectivity,Cannot obtain IP address; DHCP timeout (Limited_Connectivity),Router/modem needs restart or firmware update,Check adapter drivers; reinstall or update network driver,Restart router/modem; power-cycle network devices,Reset TCP/IP stack: `netsh int ip reset` and reboot,Internet restored consistently; run `ping` and `tracert` checks for stability.,low,ISP docs / networking guides (paraphrased)
NET-065,Network,High packet loss in gaming/streaming,Packet_Loss,Cannot obtain IP address; DHCP timeout (Packet_Loss),Router/modem needs restart or firmware update,Check adapter drivers; reinstall or update network driver,Reset TCP/IP stack: `netsh int ip reset` and reboot,"Test with different DNS (e.g., 8.8.8.8 / 1.1.1.1)",Internet restored consistently; run `ping` and `tracert` checks for stability.,low,ISP docs / networking guides (paraphrased)
NET-066,Network,Wi-Fi authentication failed,WiFi_Auth_Failure,Browser shows DNS error: Wi-Fi authentication failed,Corrupted TCP/IP stack or misconfigured proxy,Check adapter drivers; reinstall or update network driver,Reset TCP/IP stack: `netsh int ip reset` and reboot,Restart router/modem; power-cycle network devices,Internet restored consistently; run `ping` and `tracert` checks for stability.,low,ISP docs / networking guides (paraphrased)
NET-067,Network,High packet loss in gaming/streaming,Packet_Loss,Cannot obtain IP address; DHCP timeout (Packet_Loss),Corrupted TCP/IP stack or misconfigured proxy,Check adapter drivers; reinstall or update network driver,Restart router/modem; power-cycle network devices,Reset TCP/IP stack: `netsh int ip reset` and reboot,Internet restored consistently; run `ping` and `tracert` checks for stability.,low,ISP docs / networking guides (paraphrased)
NET-068,Network,Wi-Fi authentication failed,WiFi_Auth_Failure,System loses internet intermittently; log shows WiFi_Auth_Failure,Incorrect network adapter settings or driver,Restart router/modem; power-cycle network devices,Flush DNS cache: `ipconfig /flushdns` and renew IP: `ipconfig /release` / `ipconfig /renew`,Check adapter drivers; reinstall or update network driver,Internet restored consistently; run `ping` and `tracert` checks for stability.,low,ISP docs / networking guides (paraphrased)
NET-069,Network,IP address conflict detected,IP_Conflict,Browser shows DNS error: IP address conflict detected,Incorrect network adapter settings or driver,Restart router/modem; power-cycle network devices,Flush DNS cache: `ipconfig /flushdns` and renew IP: `ipconfig /release` / `ipconfig /renew`,Check adapter drivers; reinstall or update network driver,Internet restored consistently; run `ping` and `tracert` checks for stability.,low,ISP docs / networking guides (paraphrased)
NET-070,Network,High packet loss in gaming/streaming,Packet_Loss,System loses internet intermittently; log shows Packet_Loss,Corrupted TCP/IP stack or misconfigured proxy,"Test with different DNS (e.g., 8.8.8.8 / 1.1.1.1)",Restart router/modem; power-cycle network devices,Check adapter drivers; reinstall or update network driver,Internet restored consistently; run `ping` and `tracert` checks for stability.,low,ISP docs / networking guides (paraphrased)
NET-071,Network,Limited connectivity / no internet,Limited_Connectivity,Cannot obtain IP address; DHCP timeout (Limited_Connectivity),Corrupted TCP/IP stack or misconfigured proxy,Check adapter drivers; reinstall or update network driver,"Test with different DNS (e.g., 8.8.8.8 / 1.1.1.1)",Flush DNS cache: `ipconfig /flushdns` and renew IP: `ipconfig /release` / `ipconfig /renew`,Internet restored consistently; run `ping` and `tracert` checks for stability.,low,ISP docs / networking guides (paraphrased)
NET-072,Network,Network disconnected,Network_Disconnected,Cannot obtain IP address; DHCP timeout (Network_Disconnected),Incorrect network adapter settings or driver,"Test with different DNS (e.g., 8.8.8.8 / 1.1.1.1)",Check adapter drivers; reinstall or update network driver,Flush DNS cache: `ipconfig /flushdns` and renew IP: `ipconfig /release` / `ipconfig /renew`,Internet restored consistently; run `ping` and `tracert` checks for stability.,low,ISP docs / networking guides (paraphrased)
NET-073,Network,High packet loss in gaming/streaming,Packet_Loss,Cannot obtain IP address; DHCP timeout (Packet_Loss),Router/modem needs restart or firmware update,Flush DNS cache: `ipconfig /flushdns` and renew IP: `ipconfig /release` / `ipconfig /renew`,Restart router/modem; power-cycle network devices,Reset TCP/IP stack: `netsh int ip reset` and reboot,Internet restored consistently; run `ping` and `tracert` checks for stability.,low,ISP docs / networking guides (paraphrased)
NET-074,Network,Limited connectivity / no internet,Limited_Connectivity,System loses internet intermittently; log shows Limited_Connectivity,Corrupted TCP/IP stack or misconfigured proxy,"Test with different DNS (e.g., 8.8.8.8 / 1.1.1.1)",Restart router/modem; power-cycle network devices,Flush DNS cache: `ipconfig /flushdns` and renew IP: `ipconfig /release` / `ipconfig /renew`,Internet restored consistently; run `ping` and `tracert` checks for stability.,low,ISP docs / networking guides (paraphrased)
NET-075,Network,Very slow web browsing across sites,Slow_Browsing,Cannot obtain IP address; DHCP timeout (Slow_Browsing),Corrupted TCP/IP stack or misconfigured proxy,Flush DNS cache: `ipconfig /flushdns` and renew IP: `ipconfig /release` / `ipconfig /renew`,Check adapter drivers; reinstall or update network driver,Reset TCP/IP stack: `netsh int ip reset` and reboot,Internet restored consistently; run `ping` and `tracert` checks for stability.,low,ISP docs / networking guides (paraphrased)
NET-076,Network,IP address conflict detected,IP_Conflict,Browser shows DNS error: IP address conflict detected,ISP outage or DNS server issue,Flush DNS cache: `ipconfig /flushdns` and renew IP: `ipconfig /release` / `ipconfig /renew`,Restart router/modem; power-cycle network devices,"Test with different DNS (e.g., 8.8.8.8 / 1.1.1.1)",Internet restored consistently; run `ping` and `tracert` checks for stability.,low,ISP docs / networking guides (paraphrased)
NET-077,Network,Limited connectivity / no internet,Limited_Connectivity,Cannot obtain IP address; DHCP timeout (Limited_Connectivity),Corrupted TCP/IP stack or misconfigured proxy,Restart router/modem; power-cycle network devices,Check adapter drivers; reinstall or update network driver,Reset TCP/IP stack: `netsh int ip reset` and reboot,Internet restored consistently; run `ping` and `tracert` checks for stability.,low,ISP docs / networking guides (paraphrased)
NET-078,Network,High packet loss in gaming/streaming,Packet_Loss,Cannot obtain IP address; DHCP timeout (Packet_Loss),ISP outage or DNS server issue,"Test with different DNS (e.g., 8.8.8.8 / 1.1.1.1)",Check adapter drivers; reinstall or update network driver,Flush DNS cache: `ipconfig /flushdns` and renew IP: `ipconfig /release` / `ipconfig /renew`,Internet restored consistently; run `ping` and `tracert` checks for stability.,low,ISP docs / networking guides (paraphrased)
NET-079,Network,Limited connectivity / no internet,Limited_Connectivity,Cannot obtain IP address; DHCP timeout (Limited_Connectivity),Incorrect network adapter settings or driver,Check adapter drivers; reinstall or update network driver,Flush DNS cache: `ipconfig /flushdns` and renew IP: `ipconfig /release` / `ipconfig /renew`,Restart router/modem; power-cycle network devices,Internet restored consistently; run `ping` and `tracert` checks for stability.,low,ISP docs / networking guides (paraphrased)
NET-080,Network,DHCP address assignment failed,DHCP_Failure,Browser shows DNS error: DHCP address assignment failed,Incorrect network adapter settings or driver,Reset TCP/IP stack: `netsh int ip reset` and reboot,Restart router/modem; power-cycle network devices,Flush DNS cache: `ipconfig /flushdns` and renew IP: `ipconfig /release` / `ipconfig /renew`,Internet restored consistently; run `ping` and `tracert` checks for stability.,low,ISP docs / networking guides (paraphrased)
NET-081,Network,Gateway not reachable,Gateway_Unreachable,Cannot obtain IP address; DHCP timeout (Gateway_Unreachable),Router/modem needs restart or firmware update,Reset TCP/IP stack: `netsh int ip reset` and reboot,Flush DNS cache: `ipconfig /flushdns` and renew IP: `ipconfig /release` / `ipconfig /renew`,Check adapter drivers; reinstall or update network driver,Internet restored consistently; run `ping` and `tracert` checks for stability.,low,ISP docs / networking guides (paraphrased)
NET-082,Network,Network disconnected,Network_Disconnected,Browser shows DNS error: Network disconnected,Router/modem needs restart or firmware update,Reset TCP/IP stack: `netsh int ip reset` and reboot,"Test with different DNS (e.g., 8.8.8.8 / 1.1.1.1)",Check adapter drivers; reinstall or update network driver,Internet restored consistently; run `ping` and `tracert` checks for stability.,low,ISP docs / networking guides (paraphrased)
NET-083,Network,Wi-Fi authentication failed,WiFi_Auth_Failure,System loses internet intermittently; log shows WiFi_Auth_Failure,ISP outage or DNS server issue,Flush DNS cache: `ipconfig /flushdns` and renew IP: `ipconfig /release` / `ipconfig /renew`,Check adapter drivers; reinstall or update network driver,Reset TCP/IP stack: `netsh int ip reset` and reboot,Internet restored consistently; run `ping` and `tracert` checks for stability.,low,ISP docs / networking guides (paraphrased)
NET-084,Network,Network disconnected,Network_Disconnected,System loses internet intermittently; log shows Network_Disconnected,Corrupted TCP/IP stack or misconfigured proxy,"Test with different DNS (e.g., 8.8.8.8 / 1.1.1.1)",Check adapter drivers; reinstall or update network driver,Restart router/modem; power-cycle network devices,Internet restored consistently; run `ping` and `tracert` checks for stability.,low,ISP docs / networking guides (paraphrased)
NET-085,Network,Gateway not reachable,Gateway_Unreachable,Cannot obtain IP address; DHCP timeout (Gateway_Unreachable),Incorrect network adapter settings or driver,Flush DNS cache: `ipconfig /flushdns` and renew IP: `ipconfig /release` / `ipconfig /renew`,Reset TCP/IP stack: `netsh int ip reset` and reboot,Check adapter drivers; reinstall or update network driver,Internet restored consistently; run `ping` and `tracert` checks for stability.,low,ISP docs / networking guides (paraphrased)
NET-086,Network,DNS resolution failure,DNS_PROBE_FINISHED_NXDOMAIN,Browser shows DNS error: DNS resolution failure,Incorrect network adapter settings or driver,Check adapter drivers; reinstall or update network driver,Flush DNS cache: `ipconfig /flushdns` and renew IP: `ipconfig /release` / `ipconfig /renew`,Restart router/modem; power-cycle network devices,Internet restored consistently; run `ping` and `tracert` checks for stability.,low,ISP docs / networking guides (paraphrased)
NET-087,Network,High packet loss in gaming/streaming,Packet_Loss,Cannot obtain IP address; DHCP timeout (Packet_Loss),Incorrect network adapter settings or driver,Check adapter drivers; reinstall or update network driver,"Test with different DNS (e.g., 8.8.8.8 / 1.1.1.1)",Restart router/modem; power-cycle network devices,Internet restored consistently; run `ping` and `tracert` checks for stability.,low,ISP docs / networking guides (paraphrased)
NET-088,Network,Very slow web browsing across sites,Slow_Browsing,Browser shows DNS error: Very slow web browsing across sites,Router/modem needs restart or firmware update,Flush DNS cache: `ipconfig /flushdns` and renew IP: `ipconfig /release` / `ipconfig /renew`,Check adapter drivers; reinstall or update network driver,Reset TCP/IP stack: `netsh int ip reset` and reboot,Internet restored consistently; run `ping` and `tracert` checks for stability.,low,ISP docs / networking guides (paraphrased)
NET-089,Network,Gateway not reachable,Gateway_Unreachable,Browser shows DNS error: Gateway not reachable,Incorrect network adapter settings or driver,"Test with different DNS (e.g., 8.8.8.8 / 1.1.1.1)",Flush DNS cache: `ipconfig /flushdns` and renew IP: `ipconfig /release` / `ipconfig /renew`,Restart router/modem; power-cycle network devices,Internet restored consistently; run `ping` and `tracert` checks for stability.,low,ISP docs / networking guides (paraphrased)
NET-090,Network,Proxy configuration error,Proxy_Error,Cannot obtain IP address; DHCP timeout (Proxy_Error),Router/modem needs restart or firmware update,"Test with different DNS (e.g., 8.8.8.8 / 1.1.1.1)",Restart router/modem; power-cycle network devices,Reset TCP/IP stack: `netsh int ip reset` and reboot,Internet restored consistently; run `ping` and `tracert` checks for stability.,low,ISP docs / networking guides (paraphrased)
NET-091,Network,Network disconnected,Network_Disconnected,Browser shows DNS error: Network disconnected,Router/modem needs restart or firmware update,Flush DNS cache: `ipconfig /flushdns` and renew IP: `ipconfig /release` / `ipconfig /renew`,Reset TCP/IP stack: `netsh int ip reset` and reboot,Check adapter drivers; reinstall or update network driver,Internet restored consistently; run `ping` and `tracert` checks for stability.,low,ISP docs / networking guides (paraphrased)
NET-092,Network,DNS resolution failure,DNS_PROBE_FINISHED_NXDOMAIN,System loses internet intermittently; log shows DNS_PROBE_FINISHED_NXDOMAIN,Router/modem needs restart or firmware update,Check adapter drivers; reinstall or update network driver,Reset TCP/IP stack: `netsh int ip reset` and reboot,Restart router/modem; power-cycle network devices,Internet restored consistently; run `ping` and `tracert` checks for stability.,low,ISP docs / networking guides (paraphrased)
NET-093,Network,Wi-Fi authentication failed,WiFi_Auth_Failure,System loses internet intermittently; log shows WiFi_Auth_Failure,Corrupted TCP/IP stack or misconfigured proxy,Restart router/modem; power-cycle network devices,"Test with different DNS (e.g., 8.8.8.8 / 1.1.1.1)",Reset TCP/IP stack: `netsh int ip reset` and reboot,Internet restored consistently; run `ping` and `tracert` checks for stability.,low,ISP docs / networking guides (paraphrased)
NET-094,Network,IP address conflict detected,IP_Conflict,System loses internet intermittently; log shows IP_Conflict,Corrupted TCP/IP stack or misconfigured proxy,Reset TCP/IP stack: `netsh int ip reset` and reboot,Flush DNS cache: `ipconfig /flushdns` and renew IP: `ipconfig /release` / `ipconfig /renew`,"Test with different DNS (e.g., 8.8.8.8 / 1.1.1.1)",Internet restored consistently; run `ping` and `tracert` checks for stability.,low,ISP docs / networking guides (paraphrased)
NET-095,Network,Proxy configuration error,Proxy_Error,Browser shows DNS error: Proxy configuration error,Router/modem needs restart or firmware update,Check adapter drivers; reinstall or update network driver,"Test with different DNS (e.g., 8.8.8.8 / 1.1.1.1)",Flush DNS cache: `ipconfig /flushdns` and renew IP: `ipconfig /release` / `ipconfig /renew`,Internet restored consistently; run `ping` and `tracert` checks for stability.,low,ISP docs / networking guides (paraphrased)
NET-096,Network,Limited connectivity / no internet,Limited_Connectivity,System loses internet intermittently; log shows Limited_Connectivity,ISP outage or DNS server issue,Check adapter drivers; reinstall or update network driver,Flush DNS cache: `ipconfig /flushdns` and renew IP: `ipconfig /release` / `ipconfig /renew`,Reset TCP/IP stack: `netsh int ip reset` and reboot,Internet restored consistently; run `ping` and `tracert` checks for stability.,low,ISP docs / networking guides (paraphrased)
NET-097,Network,Network disconnected,Network_Disconnected,System loses internet intermittently; log shows Network_Disconnected,Corrupted TCP/IP stack or misconfigured proxy,Flush DNS cache: `ipconfig /flushdns` and renew IP: `ipconfig /release` / `ipconfig /renew`,"Test with different DNS (e.g., 8.8.8.8 / 1.1.1.1)",Restart router/modem; power-cycle network devices,Internet restored consistently; run `ping` and `tracert` checks for stability.,low,ISP docs / networking guides (paraphrased)
NET-098,Network,DNS resolution failure,DNS_PROBE_FINISHED_NXDOMAIN,System loses internet intermittently; log shows DNS_PROBE_FINISHED_NXDOMAIN,Corrupted TCP/IP stack or misconfigured proxy,"Test with different DNS (e.g., 8.8.8.8 / 1.1.1.1)",Reset TCP/IP stack: `netsh int ip reset` and reboot,Restart router/modem; power-cycle network devices,Internet restored consistently; run `ping` and `tracert` checks for stability.,low,ISP docs / networking guides (paraphrased)
NET-099,Network,Limited connectivity / no internet,Limited_Connectivity,System loses internet intermittently; log shows Limited_Connectivity,Router/modem needs restart or firmware update,Flush DNS cache: `ipconfig /flushdns` and renew IP: `ipconfig /release` / `ipconfig /renew`,"Test with different DNS (e.g., 8.8.8.8 / 1.1.1.1)",Reset TCP/IP stack: `netsh int ip reset` and reboot,Internet restored consistently; run `ping` and `tracert` checks for stability.,low,ISP docs / networking guides (paraphrased)
NET-100,Network,Gateway not reachable,Gateway_Unreachable,System loses internet intermittently; log shows Gateway_Unreachable,Corrupted TCP/IP stack or misconfigured proxy,Check adapter drivers; reinstall or update network driver,Reset TCP/IP stack: `netsh int ip reset` and reboot,Restart router/modem; power-cycle network devices,Internet restored consistently; run `ping` and `tracert` checks for stability.,low,ISP docs / networking guides (paraphrased)
GPU-001,GPU_Display,Black screen on boot or during gaming,Black_Screen,Artifacts appear during video playback or games (Black_Screen),Faulty GPU hardware or BIOS incompatibility,Check power connectors; ensure PSU meets GPU requirements,Rollback driver to previously stable version if recent update caused issues,Clean GPU heatsink/fans; reseat the card; monitor temps with HWMonitor,Stable display during stress test (FurMark/Unigine) and no driver resets logged.,high,GPU vendor KB / community guides (paraphrased)
GPU-002,GPU_Display,GPU driver timeout (TDR),VIDEO_TDR_FAILURE,Screen freezes and driver resets (GPU driver timeout (TDR)),Thermal throttling due to dust/poor cooling,Test with another GPU or onboard graphics to isolate hardware fault,Rollback driver to previously stable version if recent update caused issues,Check power connectors; ensure PSU meets GPU requirements,Stable display during stress test (FurMark/Unigine) and no driver resets logged.,low,GPU vendor KB / community guides (paraphrased)
GPU-003,GPU_Display,GPU driver timeout (TDR),VIDEO_TDR_FAILURE,Screen freezes and driver resets (GPU driver timeout (TDR)),Faulty GPU hardware or BIOS incompatibility,Check power connectors; ensure PSU meets GPU requirements,Clean GPU heatsink/fans; reseat the card; monitor temps with HWMonitor,Test with another GPU or onboard graphics to isolate hardware fault,Stable display during stress test (FurMark/Unigine) and no driver resets logged.,high,GPU vendor KB / community guides (paraphrased)
GPU-004,GPU_Display,Low GPU performance after driver update,Low_Perf,Artifacts appear during video playback or games (Low_Perf),Outdated or corrupt GPU driver,Test with another GPU or onboard graphics to isolate hardware fault,Use DDU (Display Driver Uninstaller) in Safe Mode and reinstall latest driver,Clean GPU heatsink/fans; reseat the card; monitor temps with HWMonitor,Stable display during stress test (FurMark/Unigine) and no driver resets logged.,low,GPU vendor KB / community guides (paraphrased)
GPU-005,GPU_Display,Driver crash with code,Driver_Crash,Artifacts appear during video playback or games (Driver_Crash),Thermal throttling due to dust/poor cooling,Use DDU (Display Driver Uninstaller) in Safe Mode and reinstall latest driver,Test with another GPU or onboard graphics to isolate hardware fault,Clean GPU heatsink/fans; reseat the card; monitor temps with HWMonitor,Stable display during stress test (FurMark/Unigine) and no driver resets logged.,high,GPU vendor KB / community guides (paraphrased)
GPU-006,GPU_Display,Video stuttering or frame drops,Stuttering,Artifacts appear during video playback or games (Stuttering),Outdated or corrupt GPU driver,Check power connectors; ensure PSU meets GPU requirements,Use DDU (Display Driver Uninstaller) in Safe Mode and reinstall latest driver,Rollback driver to previously stable version if recent update caused issues,Stable display during stress test (FurMark/Unigine) and no driver resets logged.,high,GPU vendor KB / community guides (paraphrased)
GPU-007,GPU_Display,No display output after power on,No_Display_Output,No signal to monitor after GPU init (No display output after power on),Thermal throttling due to dust/poor cooling,Check power connectors; ensure PSU meets GPU requirements,Rollback driver to previously stable version if recent update caused issues,Clean GPU heatsink/fans; reseat the card; monitor temps with HWMonitor,Stable display during stress test (FurMark/Unigine) and no driver resets logged.,low,GPU vendor KB / community guides (paraphrased)
GPU-008,GPU_Display,Low GPU performance after driver update,Low_Perf,No signal to monitor after GPU init (Low GPU performance after driver update),Outdated or corrupt GPU driver,Use DDU (Display Driver Uninstaller) in Safe Mode and reinstall latest driver,Rollback driver to previously stable version if recent update caused issues,Test with another GPU or onboard graphics to isolate hardware fault,Stable display during stress test (FurMark/Unigine) and no driver resets logged.,low,GPU vendor KB / community guides (paraphrased)
GPU-009,GPU_Display,No display output after power on,No_Display_Output,Artifacts appear during video playback or games (No_Display_Output),Faulty GPU hardware or BIOS incompatibility,Check power connectors; ensure PSU meets GPU requirements,Rollback driver to previously stable version if recent update caused issues,Test with another GPU or onboard graphics to isolate hardware fault,Stable display during stress test (FurMark/Unigine) and no driver resets logged.,low,GPU vendor KB / community guides (paraphrased)
GPU-010,GPU_Display,No display output after power on,No_Display_Output,Screen freezes and driver resets (No display output after power on),Faulty GPU hardware or BIOS incompatibility,Rollback driver to previously stable version if recent update caused issues,Clean GPU heatsink/fans; reseat the card; monitor temps with HWMonitor,Test with another GPU or onboard graphics to isolate hardware fault,Stable display during stress test (FurMark/Unigine) and no driver resets logged.,high,GPU vendor KB / community guides (paraphrased)
GPU-011,GPU_Display,Video stuttering or frame drops,Stuttering,No signal to monitor after GPU init (Video stuttering or frame drops),Faulty GPU hardware or BIOS incompatibility,Rollback driver to previously stable version if recent update caused issues,Clean GPU heatsink/fans; reseat the card; monitor temps with HWMonitor,Check power connectors; ensure PSU meets GPU requirements,Stable display during stress test (FurMark/Unigine) and no driver resets logged.,medium,GPU vendor KB / community guides (paraphrased)
GPU-012,GPU_Display,No display output after power on,No_Display_Output,Artifacts appear during video playback or games (No_Display_Output),Outdated or corrupt GPU driver,Test with another GPU or onboard graphics to isolate hardware fault,Clean GPU heatsink/fans; reseat the card; monitor temps with HWMonitor,Rollback driver to previously stable version if recent update caused issues,Stable display during stress test (FurMark/Unigine) and no driver resets logged.,low,GPU vendor KB / community guides (paraphrased)
GPU-013,GPU_Display,GPU driver timeout (TDR),VIDEO_TDR_FAILURE,No signal to monitor after GPU init (GPU driver timeout (TDR)),Faulty GPU hardware or BIOS incompatibility,Clean GPU heatsink/fans; reseat the card; monitor temps with HWMonitor,Check power connectors; ensure PSU meets GPU requirements,Rollback driver to previously stable version if recent update caused issues,Stable display during stress test (FurMark/Unigine) and no driver resets logged.,medium,GPU vendor KB / community guides (paraphrased)
GPU-014,GPU_Display,VRAM read/write errors,VRAM_Error,Artifacts appear during video playback or games (VRAM_Error),Insufficient power or failing PSU,Rollback driver to previously stable version if recent update caused issues,Test with another GPU or onboard graphics to isolate hardware fault,Use DDU (Display Driver Uninstaller) in Safe Mode and reinstall latest driver,Stable display during stress test (FurMark/Unigine) and no driver resets logged.,low,GPU vendor KB / community guides (paraphrased)
GPU-015,GPU_Display,Driver crash with code,Driver_Crash,Screen freezes and driver resets (Driver crash with code),Outdated or corrupt GPU driver,Check power connectors; ensure PSU meets GPU requirements,Use DDU (Display Driver Uninstaller) in Safe Mode and reinstall latest driver,Rollback driver to previously stable version if recent update caused issues,Stable display during stress test (FurMark/Unigine) and no driver resets logged.,high,GPU vendor KB / community guides (paraphrased)
GPU-016,GPU_Display,Low GPU performance after driver update,Low_Perf,Screen freezes and driver resets (Low GPU performance after driver update),Faulty GPU hardware or BIOS incompatibility,Check power connectors; ensure PSU meets GPU requirements,Test with another GPU or onboard graphics to isolate hardware fault,Clean GPU heatsink/fans; reseat the card; monitor temps with HWMonitor,Stable display during stress test (FurMark/Unigine) and no driver resets logged.,low,GPU vendor KB / community guides (paraphrased)
GPU-017,GPU_Display,HDCP handshake failure on protected content,HDCP_Error,No signal to monitor after GPU init (HDCP handshake failure on protected content),Outdated or corrupt GPU driver,Check power connectors; ensure PSU meets GPU requirements,Rollback driver to previously stable version if recent update caused issues,Clean GPU heatsink/fans; reseat the card; monitor temps with HWMonitor,Stable display during stress test (FurMark/Unigine) and no driver resets logged.,high,GPU vendor KB / community guides (paraphrased)
GPU-018,GPU_Display,HDCP handshake failure on protected content,HDCP_Error,No signal to monitor after GPU init (HDCP handshake failure on protected content),Faulty GPU hardware or BIOS incompatibility,Clean GPU heatsink/fans; reseat the card; monitor temps with HWMonitor,Check power connectors; ensure PSU meets GPU requirements,Test with another GPU or onboard graphics to isolate hardware fault,Stable display during stress test (FurMark/Unigine) and no driver resets logged.,low,GPU vendor KB / community guides (paraphrased)
GPU-019,GPU_Display,No display output after power on,No_Display_Output,No signal to monitor after GPU init (No display output after power on),Thermal throttling due to dust/poor cooling,Clean GPU heatsink/fans; reseat the card; monitor temps with HWMonitor,Test with another GPU or onboard graphics to isolate hardware fault,Use DDU (Display Driver Uninstaller) in Safe Mode and reinstall latest driver,Stable display during stress test (FurMark/Unigine) and no driver resets logged.,medium,GPU vendor KB / community guides (paraphrased)
GPU-020,GPU_Display,GPU overheating and throttling,Overheating_GPU,No signal to monitor after GPU init (GPU overheating and throttling),Thermal throttling due to dust/poor cooling,Check power connectors; ensure PSU meets GPU requirements,Clean GPU heatsink/fans; reseat the card; monitor temps with HWMonitor,Rollback driver to previously stable version if recent update caused issues,Stable display during stress test (FurMark/Unigine) and no driver resets logged.,low,GPU vendor KB / community guides (paraphrased)
GPU-021,GPU_Display,Driver crash with code,Driver_Crash,No signal to monitor after GPU init (Driver crash with code),Faulty GPU hardware or BIOS incompatibility,Clean GPU heatsink/fans; reseat the card; monitor temps with HWMonitor,Test with another GPU or onboard graphics to isolate hardware fault,Check power connectors; ensure PSU meets GPU requirements,Stable display during stress test (FurMark/Unigine) and no driver resets logged.,low,GPU vendor KB / community guides (paraphrased)
GPU-022,GPU_Display,GPU overheating and throttling,Overheating_GPU,Artifacts appear during video playback or games (Overheating_GPU),Outdated or corrupt GPU driver,Rollback driver to previously stable version if recent update caused issues,Test with another GPU or onboard graphics to isolate hardware fault,Check power connectors; ensure PSU meets GPU requirements,Stable display during stress test (FurMark/Unigine) and no driver resets logged.,high,GPU vendor KB / community guides (paraphrased)
GPU-023,GPU_Display,Visual artifacts or flickering,Artifacting,Artifacts appear during video playback or games (Artifacting),Outdated or corrupt GPU driver,Clean GPU heatsink/fans; reseat the card; monitor temps with HWMonitor,Use DDU (Display Driver Uninstaller) in Safe Mode and reinstall latest driver,Check power connectors; ensure PSU meets GPU requirements,Stable display during stress test (FurMark/Unigine) and no driver resets logged.,high,GPU vendor KB / community guides (paraphrased)
GPU-024,GPU_Display,GPU overheating and throttling,Overheating_GPU,No signal to monitor after GPU init (GPU overheating and throttling),Faulty GPU hardware or BIOS incompatibility,Check power connectors; ensure PSU meets GPU requirements,Rollback driver to previously stable version if recent update caused issues,Clean GPU heatsink/fans; reseat the card; monitor temps with HWMonitor,Stable display during stress test (FurMark/Unigine) and no driver resets logged.,high,GPU vendor KB / community guides (paraphrased)
GPU-025,GPU_Display,Video stuttering or frame drops,Stuttering,No signal to monitor after GPU init (Video stuttering or frame drops),Thermal throttling due to dust/poor cooling,Check power connectors; ensure PSU meets GPU requirements,Use DDU (Display Driver Uninstaller) in Safe Mode and reinstall latest driver,Clean GPU heatsink/fans; reseat the card; monitor temps with HWMonitor,Stable display during stress test (FurMark/Unigine) and no driver resets logged.,low,GPU vendor KB / community guides (paraphrased)
GPU-026,GPU_Display,VRAM read/write errors,VRAM_Error,Screen freezes and driver resets (VRAM read/write errors),Insufficient power or failing PSU,Use DDU (Display Driver Uninstaller) in Safe Mode and reinstall latest driver,Check power connectors; ensure PSU meets GPU requirements,Clean GPU heatsink/fans; reseat the card; monitor temps with HWMonitor,Stable display during stress test (FurMark/Unigine) and no driver resets logged.,medium,GPU vendor KB / community guides (paraphrased)
GPU-027,GPU_Display,GPU driver timeout (TDR),VIDEO_TDR_FAILURE,Screen freezes and driver resets (GPU driver timeout (TDR)),Faulty GPU hardware or BIOS incompatibility,Clean GPU heatsink/fans; reseat the card; monitor temps with HWMonitor,Test with another GPU or onboard graphics to isolate hardware fault,Use DDU (Display Driver Uninstaller) in Safe Mode and reinstall latest driver,Stable display during stress test (FurMark/Unigine) and no driver resets logged.,low,GPU vendor KB / community guides (paraphrased)
GPU-028,GPU_Display,Visual artifacts or flickering,Artifacting,Screen freezes and driver resets (Visual artifacts or flickering),Insufficient power or failing PSU,Test with another GPU or onboard graphics to isolate hardware fault,Rollback driver to previously stable version if recent update caused issues,Check power connectors; ensure PSU meets GPU requirements,Stable display during stress test (FurMark/Unigine) and no driver resets logged.,low,GPU vendor KB / community guides (paraphrased)
GPU-029,GPU_Display,Driver crash with code,Driver_Crash,Artifacts appear during video playback or games (Driver_Crash),Thermal throttling due to dust/poor cooling,Clean GPU heatsink/fans; reseat the card; monitor temps with HWMonitor,Use DDU (Display Driver Uninstaller) in Safe Mode and reinstall latest driver,Test with another GPU or onboard graphics to isolate hardware fault,Stable display during stress test (FurMark/Unigine) and no driver resets logged.,low,GPU vendor KB / community guides (paraphrased)
GPU-030,GPU_Display,VRAM read/write errors,VRAM_Error,Screen freezes and driver resets (VRAM read/write errors),Outdated or corrupt GPU driver,Check power connectors; ensure PSU meets GPU requirements,Test with another GPU or onboard graphics to isolate hardware fault,Use DDU (Display Driver Uninstaller) in Safe Mode and reinstall latest driver,Stable display during stress test (FurMark/Unigine) and no driver resets logged.,medium,GPU vendor KB / community guides (paraphrased)
GPU-031,GPU_Display,Low GPU performance after driver update,Low_Perf,Artifacts appear during video playback or games (Low_Perf),Insufficient power or failing PSU,Clean GPU heatsink/fans; reseat the card; monitor temps with HWMonitor,Use DDU (Display Driver Uninstaller) in Safe Mode and reinstall latest driver,Test with another GPU or onboard graphics to isolate hardware fault,Stable display during stress test (FurMark/Unigine) and no driver resets logged.,high,GPU vendor KB / community guides (paraphrased)
GPU-032,GPU_Display,VRAM read/write errors,VRAM_Error,No signal to monitor after GPU init (VRAM read/write errors),Outdated or corrupt GPU driver,Clean GPU heatsink/fans; reseat the card; monitor temps with HWMonitor,Rollback driver to previously stable version if recent update caused issues,Check power connectors; ensure PSU meets GPU requirements,Stable display during stress test (FurMark/Unigine) and no driver resets logged.,low,GPU vendor KB / community guides (paraphrased)
GPU-033,GPU_Display,Video stuttering or frame drops,Stuttering,No signal to monitor after GPU init (Video stuttering or frame drops),Faulty GPU hardware or BIOS incompatibility,Check power connectors; ensure PSU meets GPU requirements,Test with another GPU or onboard graphics to isolate hardware fault,Rollback driver to previously stable version if recent update caused issues,Stable display during stress test (FurMark/Unigine) and no driver resets logged.,medium,GPU vendor KB / community guides (paraphrased)
GPU-034,GPU_Display,Black screen on boot or during gaming,Black_Screen,Artifacts appear during video playback or games (Black_Screen),Insufficient power or failing PSU,Test with another GPU or onboard graphics to isolate hardware fault,Clean GPU heatsink/fans; reseat the card; monitor temps with HWMonitor,Rollback driver to previously stable version if recent update caused issues,Stable display during stress test (FurMark/Unigine) and no driver resets logged.,medium,GPU vendor KB / community guides (paraphrased)
GPU-035,GPU_Display,GPU driver timeout (TDR),VIDEO_TDR_FAILURE,No signal to monitor after GPU init (GPU driver timeout (TDR)),Thermal throttling due to dust/poor cooling,Clean GPU heatsink/fans; reseat the card; monitor temps with HWMonitor,Check power connectors; ensure PSU meets GPU requirements,Use DDU (Display Driver Uninstaller) in Safe Mode and reinstall latest driver,Stable display during stress test (FurMark/Unigine) and no driver resets logged.,low,GPU vendor KB / community guides (paraphrased)
GPU-036,GPU_Display,Low GPU performance after driver update,Low_Perf,Artifacts appear during video playback or games (Low_Perf),Thermal throttling due to dust/poor cooling,Use DDU (Display Driver Uninstaller) in Safe Mode and reinstall latest driver,Test with another GPU or onboard graphics to isolate hardware fault,Clean GPU heatsink/fans; reseat the card; monitor temps with HWMonitor,Stable display during stress test (FurMark/Unigine) and no driver resets logged.,medium,GPU vendor KB / community guides (paraphrased)
GPU-037,GPU_Display,Visual artifacts or flickering,Artifacting,Screen freezes and driver resets (Visual artifacts or flickering),Faulty GPU hardware or BIOS incompatibility,Clean GPU heatsink/fans; reseat the card; monitor temps with HWMonitor,Check power connectors; ensure PSU meets GPU requirements,Use DDU (Display Driver Uninstaller) in Safe Mode and reinstall latest driver,Stable display during stress test (FurMark/Unigine) and no driver resets logged.,high,GPU vendor KB / community guides (paraphrased)
GPU-038,GPU_Display,Low GPU performance after driver update,Low_Perf,Screen freezes and driver resets (Low GPU performance after driver update),Faulty GPU hardware or BIOS incompatibility,Clean GPU heatsink/fans; reseat the card; monitor temps with HWMonitor,Rollback driver to previously stable version if recent update caused issues,Check power connectors; ensure PSU meets GPU requirements,Stable display during stress test (FurMark/Unigine) and no driver resets logged.,low,GPU vendor KB / community guides (paraphrased)
GPU-039,GPU_Display,VRAM read/write errors,VRAM_Error,Screen freezes and driver resets (VRAM read/write errors),Thermal throttling due to dust/poor cooling,Clean GPU heatsink/fans; reseat the card; monitor temps with HWMonitor,Check power connectors; ensure PSU meets GPU requirements,Use DDU (Display Driver Uninstaller) in Safe Mode and reinstall latest driver,Stable display during stress test (FurMark/Unigine) and no driver resets logged.,low,GPU vendor KB / community guides (paraphrased)
GPU-040,GPU_Display,Black screen on boot or during gaming,Black_Screen,Artifacts appear during video playback or games (Black_Screen),Thermal throttling due to dust/poor cooling,Check power connectors; ensure PSU meets GPU requirements,Test with another GPU or onboard graphics to isolate hardware fault,Clean GPU heatsink/fans; reseat the card; monitor temps with HWMonitor,Stable display during stress test (FurMark/Unigine) and no driver resets logged.,low,GPU vendor KB / community guides (paraphrased)
GPU-041,GPU_Display,GPU overheating and throttling,Overheating_GPU,No signal to monitor after GPU init (GPU overheating and throttling),Outdated or corrupt GPU driver,Clean GPU heatsink/fans; reseat the card; monitor temps with HWMonitor,Rollback driver to previously stable version if recent update caused issues,Test with another GPU or onboard graphics to isolate hardware fault,Stable display during stress test (FurMark/Unigine) and no driver resets logged.,medium,GPU vendor KB / community guides (paraphrased)
GPU-042,GPU_Display,Driver crash with code,Driver_Crash,Screen freezes and driver resets (Driver crash with code),Faulty GPU hardware or BIOS incompatibility,Check power connectors; ensure PSU meets GPU requirements,Test with another GPU or onboard graphics to isolate hardware fault,Clean GPU heatsink/fans; reseat the card; monitor temps with HWMonitor,Stable display during stress test (FurMark/Unigine) and no driver resets logged.,low,GPU vendor KB / community guides (paraphrased)
GPU-043,GPU_Display,No display output after power on,No_Display_Output,Artifacts appear during video playback or games (No_Display_Output),Faulty GPU hardware or BIOS incompatibility,Rollback driver to previously stable version if recent update caused issues,Check power connectors; ensure PSU meets GPU requirements,Use DDU (Display Driver Uninstaller) in Safe Mode and reinstall latest driver,Stable display during stress test (FurMark/Unigine) and no driver resets logged.,low,GPU vendor KB / community guides (paraphrased)
GPU-044,GPU_Display,VRAM read/write errors,VRAM_Error,Screen freezes and driver resets (VRAM read/write errors),Faulty GPU hardware or BIOS incompatibility,Rollback driver to previously stable version if recent update caused issues,Clean GPU heatsink/fans; reseat the card; monitor temps with HWMonitor,Use DDU (Display Driver Uninstaller) in Safe Mode and reinstall latest driver,Stable display during stress test (FurMark/Unigine) and no driver resets logged.,low,GPU vendor KB / community guides (paraphrased)
GPU-045,GPU_Display,Black screen on boot or during gaming,Black_Screen,Screen freezes and driver resets (Black screen on boot or during gaming),Insufficient power or failing PSU,Rollback driver to previously stable version if recent update caused issues,Check power connectors; ensure PSU meets GPU requirements,Use DDU (Display Driver Uninstaller) in Safe Mode and reinstall latest driver,Stable display during stress test (FurMark/Unigine) and no driver resets logged.,high,GPU vendor KB / community guides (paraphrased)
GPU-046,GPU_Display,Video stuttering or frame drops,Stuttering,Artifacts appear during video playback or games (Stuttering),Outdated or corrupt GPU driver,Check power connectors; ensure PSU meets GPU requirements,Test with another GPU or onboard graphics to isolate hardware fault,Use DDU (Display Driver Uninstaller) in Safe Mode and reinstall latest driver,Stable display during stress test (FurMark/Unigine) and no driver resets logged.,low,GPU vendor KB / community guides (paraphrased)
GPU-047,GPU_Display,HDCP handshake failure on protected content,HDCP_Error,Screen freezes and driver resets (HDCP handshake failure on protected content),Faulty GPU hardware or BIOS incompatibility,Check power connectors; ensure PSU meets GPU requirements,Test with another GPU or onboard graphics to isolate hardware fault,Rollback driver to previously stable version if recent update caused issues,Stable display during stress test (FurMark/Unigine) and no driver resets logged.,low,GPU vendor KB / community guides (paraphrased)
GPU-048,GPU_Display,GPU driver timeout (TDR),VIDEO_TDR_FAILURE,No signal to monitor after GPU init (GPU driver timeout (TDR)),Faulty GPU hardware or BIOS incompatibility,Clean GPU heatsink/fans; reseat the card; monitor temps with HWMonitor,Use DDU (Display Driver Uninstaller) in Safe Mode and reinstall latest driver,Check power connectors; ensure PSU meets GPU requirements,Stable display during stress test (FurMark/Unigine) and no driver resets logged.,high,GPU vendor KB / community guides (paraphrased)
GPU-049,GPU_Display,GPU driver timeout (TDR),VIDEO_TDR_FAILURE,No signal to monitor after GPU init (GPU driver timeout (TDR)),Insufficient power or failing PSU,Rollback driver to previously stable version if recent update caused issues,Use DDU (Display Driver Uninstaller) in Safe Mode and reinstall latest driver,Test with another GPU or onboard graphics to isolate hardware fault,Stable display during stress test (FurMark/Unigine) and no driver resets logged.,high,GPU vendor KB / community guides (paraphrased)
GPU-050,GPU_Display,No display output after power on,No_Display_Output,No signal to monitor after GPU init (No display output after power on),Outdated or corrupt GPU driver,Rollback driver to previously stable version if recent update caused issues,Use DDU (Display Driver Uninstaller) in Safe Mode and reinstall latest driver,Test with another GPU or onboard graphics to isolate hardware fault,Stable display during stress test (FurMark/Unigine) and no driver resets logged.,high,GPU vendor KB / community guides (paraphrased)
GPU-051,GPU_Display,GPU driver timeout (TDR),VIDEO_TDR_FAILURE,Artifacts appear during video playback or games (VIDEO_TDR_FAILURE),Faulty GPU hardware or BIOS incompatibility,Check power connectors; ensure PSU meets GPU requirements,Rollback driver to previously stable version if recent update caused issues,Clean GPU heatsink/fans; reseat the card; monitor temps with HWMonitor,Stable display during stress test (FurMark/Unigine) and no driver resets logged.,low,GPU vendor KB / community guides (paraphrased)
GPU-052,GPU_Display,Low GPU performance after driver update,Low_Perf,Artifacts appear during video playback or games (Low_Perf),Faulty GPU hardware or BIOS incompatibility,Test with another GPU or onboard graphics to isolate hardware fault,Rollback driver to previously stable version if recent update caused issues,Check power connectors; ensure PSU meets GPU requirements,Stable display during stress test (FurMark/Unigine) and no driver resets logged.,medium,GPU vendor KB / community guides (paraphrased)
GPU-053,GPU_Display,Video stuttering or frame drops,Stuttering,Screen freezes and driver resets (Video stuttering or frame drops),Thermal throttling due to dust/poor cooling,Use DDU (Display Driver Uninstaller) in Safe Mode and reinstall latest driver,Check power connectors; ensure PSU meets GPU requirements,Clean GPU heatsink/fans; reseat the card; monitor temps with HWMonitor,Stable display during stress test (FurMark/Unigine) and no driver resets logged.,high,GPU vendor KB / community guides (paraphrased)
GPU-054,GPU_Display,Video stuttering or frame drops,Stuttering,Screen freezes and driver resets (Video stuttering or frame drops),Insufficient power or failing PSU,Use DDU (Display Driver Uninstaller) in Safe Mode and reinstall latest driver,Rollback driver to previously stable version if recent update caused issues,Check power connectors; ensure PSU meets GPU requirements,Stable display during stress test (FurMark/Unigine) and no driver resets logged.,high,GPU vendor KB / community guides (paraphrased)
GPU-055,GPU_Display,Video stuttering or frame drops,Stuttering,Artifacts appear during video playback or games (Stuttering),Faulty GPU hardware or BIOS incompatibility,Check power connectors; ensure PSU meets GPU requirements,Rollback driver to previously stable version if recent update caused issues,Test with another GPU or onboard graphics to isolate hardware fault,Stable display during stress test (FurMark/Unigine) and no driver resets logged.,high,GPU vendor KB / community guides (paraphrased)
GPU-056,GPU_Display,Visual artifacts or flickering,Artifacting,Artifacts appear during video playback or games (Artifacting),Insufficient power or failing PSU,Use DDU (Display Driver Uninstaller) in Safe Mode and reinstall latest driver,Rollback driver to previously stable version if recent update caused issues,Clean GPU heatsink/fans; reseat the card; monitor temps with HWMonitor,Stable display during stress test (FurMark/Unigine) and no driver resets logged.,high,GPU vendor KB / community guides (paraphrased)
GPU-057,GPU_Display,VRAM read/write errors,VRAM_Error,Screen freezes and driver resets (VRAM read/write errors),Insufficient power or failing PSU,Check power connectors; ensure PSU meets GPU requirements,Use DDU (Display Driver Uninstaller) in Safe Mode and reinstall latest driver,Test with another GPU or onboard graphics to isolate hardware fault,Stable display during stress test (FurMark/Unigine) and no driver resets logged.,low,GPU vendor KB / community guides (paraphrased)
GPU-058,GPU_Display,GPU driver timeout (TDR),VIDEO_TDR_FAILURE,Artifacts appear during video playback or games (VIDEO_TDR_FAILURE),Outdated or corrupt GPU driver,Check power connectors; ensure PSU meets GPU requirements,Use DDU (Display Driver Uninstaller) in Safe Mode and reinstall latest driver,Rollback driver to previously stable version if recent update caused issues,Stable display during stress test (FurMark/Unigine) and no driver resets logged.,high,GPU vendor KB / community guides (paraphrased)
GPU-059,GPU_Display,Driver crash with code,Driver_Crash,No signal to monitor after GPU init (Driver crash with code),Insufficient power or failing PSU,Use DDU (Display Driver Uninstaller) in Safe Mode and reinstall latest driver,Check power connectors; ensure PSU meets GPU requirements,Clean GPU heatsink/fans; reseat the card; monitor temps with HWMonitor,Stable display during stress test (FurMark/Unigine) and no driver resets logged.,high,GPU vendor KB / community guides (paraphrased)
GPU-060,GPU_Display,Driver crash with code,Driver_Crash,No signal to monitor after GPU init (Driver crash with code),Thermal throttling due to dust/poor cooling,Rollback driver to previously stable version if recent update caused issues,Clean GPU heatsink/fans; reseat the card; monitor temps with HWMonitor,Use DDU (Display Driver Uninstaller) in Safe Mode and reinstall latest driver,Stable display during stress test (FurMark/Unigine) and no driver resets logged.,high,GPU vendor KB / community guides (paraphrased)
GPU-061,GPU_Display,Visual artifacts or flickering,Artifacting,No signal to monitor after GPU init (Visual artifacts or flickering),Insufficient power or failing PSU,Test with another GPU or onboard graphics to isolate hardware fault,Clean GPU heatsink/fans; reseat the card; monitor temps with HWMonitor,Check power connectors; ensure PSU meets GPU requirements,Stable display during stress test (FurMark/Unigine) and no driver resets logged.,medium,GPU vendor KB / community guides (paraphrased)
GPU-062,GPU_Display,Video stuttering or frame drops,Stuttering,No signal to monitor after GPU init (Video stuttering or frame drops),Insufficient power or failing PSU,Test with another GPU or onboard graphics to isolate hardware fault,Rollback driver to previously stable version if recent update caused issues,Use DDU (Display Driver Uninstaller) in Safe Mode and reinstall latest driver,Stable display during stress test (FurMark/Unigine) and no driver resets logged.,high,GPU vendor KB / community guides (paraphrased)
GPU-063,GPU_Display,Low GPU performance after driver update,Low_Perf,No signal to monitor after GPU init (Low GPU performance after driver update),Thermal throttling due to dust/poor cooling,Test with another GPU or onboard graphics to isolate hardware fault,Rollback driver to previously stable version if recent update caused issues,Use DDU (Display Driver Uninstaller) in Safe Mode and reinstall latest driver,Stable display during stress test (FurMark/Unigine) and no driver resets logged.,high,GPU vendor KB / community guides (paraphrased)
GPU-064,GPU_Display,Low GPU performance after driver update,Low_Perf,Screen freezes and driver resets (Low GPU performance after driver update),Faulty GPU hardware or BIOS incompatibility,Check power connectors; ensure PSU meets GPU requirements,Rollback driver to previously stable version if recent update caused issues,Test with another GPU or onboard graphics to isolate hardware fault,Stable display during stress test (FurMark/Unigine) and no driver resets logged.,low,GPU vendor KB / community guides (paraphrased)
GPU-065,GPU_Display,Visual artifacts or flickering,Artifacting,Artifacts appear during video playback or games (Artifacting),Outdated or corrupt GPU driver,Rollback driver to previously stable version if recent update caused issues,Test with another GPU or onboard graphics to isolate hardware fault,Check power connectors; ensure PSU meets GPU requirements,Stable display during stress test (FurMark/Unigine) and no driver resets logged.,low,GPU vendor KB / community guides (paraphrased)
GPU-066,GPU_Display,Video stuttering or frame drops,Stuttering,Screen freezes and driver resets (Video stuttering or frame drops),Faulty GPU hardware or BIOS incompatibility,Check power connectors; ensure PSU meets GPU requirements,Clean GPU heatsink/fans; reseat the card; monitor temps with HWMonitor,Use DDU (Display Driver Uninstaller) in Safe Mode and reinstall latest driver,Stable display during stress test (FurMark/Unigine) and no driver resets logged.,high,GPU vendor KB / community guides (paraphrased)
GPU-067,GPU_Display,Black screen on boot or during gaming,Black_Screen,Artifacts appear during video playback or games (Black_Screen),Thermal throttling due to dust/poor cooling,Use DDU (Display Driver Uninstaller) in Safe Mode and reinstall latest driver,Check power connectors; ensure PSU meets GPU requirements,Rollback driver to previously stable version if recent update caused issues,Stable display during stress test (FurMark/Unigine) and no driver resets logged.,high,GPU vendor KB / community guides (paraphrased)
GPU-068,GPU_Display,Low GPU performance after driver update,Low_Perf,No signal to monitor after GPU init (Low GPU performance after driver update),Outdated or corrupt GPU driver,Use DDU (Display Driver Uninstaller) in Safe Mode and reinstall latest driver,Check power connectors; ensure PSU meets GPU requirements,Clean GPU heatsink/fans; reseat the card; monitor temps with HWMonitor,Stable display during stress test (FurMark/Unigine) and no driver resets logged.,low,GPU vendor KB / community guides (paraphrased)
GPU-069,GPU_Display,Video stuttering or frame drops,Stuttering,Screen freezes and driver resets (Video stuttering or frame drops),Faulty GPU hardware or BIOS incompatibility,Check power connectors; ensure PSU meets GPU requirements,Clean GPU heatsink/fans; reseat the card; monitor temps with HWMonitor,Rollback driver to previously stable version if recent update caused issues,Stable display during stress test (FurMark/Unigine) and no driver resets logged.,medium,GPU vendor KB / community guides (paraphrased)
GPU-070,GPU_Display,Driver crash with code,Driver_Crash,Screen freezes and driver resets (Driver crash with code),Outdated or corrupt GPU driver,Test with another GPU or onboard graphics to isolate hardware fault,Check power connectors; ensure PSU meets GPU requirements,Clean GPU heatsink/fans; reseat the card; monitor temps with HWMonitor,Stable display during stress test (FurMark/Unigine) and no driver resets logged.,low,GPU vendor KB / community guides (paraphrased)
GPU-071,GPU_Display,Driver crash with code,Driver_Crash,Artifacts appear during video playback or games (Driver_Crash),Insufficient power or failing PSU,Rollback driver to previously stable version if recent update caused issues,Clean GPU heatsink/fans; reseat the card; monitor temps with HWMonitor,Check power connectors; ensure PSU meets GPU requirements,Stable display during stress test (FurMark/Unigine) and no driver resets logged.,high,GPU vendor KB / community guides (paraphrased)
GPU-072,GPU_Display,HDCP handshake failure on protected content,HDCP_Error,No signal to monitor after GPU init (HDCP handshake failure on protected content),Thermal throttling due to dust/poor cooling,Clean GPU heatsink/fans; reseat the card; monitor temps with HWMonitor,Rollback driver to previously stable version if recent update caused issues,Check power connectors; ensure PSU meets GPU requirements,Stable display during stress test (FurMark/Unigine) and no driver resets logged.,low,GPU vendor KB / community guides (paraphrased)
GPU-073,GPU_Display,HDCP handshake failure on protected content,HDCP_Error,Artifacts appear during video playback or games (HDCP_Error),Outdated or corrupt GPU driver,Test with another GPU or onboard graphics to isolate hardware fault,Clean GPU heatsink/fans; reseat the card; monitor temps with HWMonitor,Use DDU (Display Driver Uninstaller) in Safe Mode and reinstall latest driver,Stable display during stress test (FurMark/Unigine) and no driver resets logged.,high,GPU vendor KB / community guides (paraphrased)
GPU-074,GPU_Display,No display output after power on,No_Display_Output,Artifacts appear during video playback or games (No_Display_Output),Outdated or corrupt GPU driver,Rollback driver to previously stable version if recent update caused issues,Check power connectors; ensure PSU meets GPU requirements,Clean GPU heatsink/fans; reseat the card; monitor temps with HWMonitor,Stable display during stress test (FurMark/Unigine) and no driver resets logged.,medium,GPU vendor KB / community guides (paraphrased)
GPU-075,GPU_Display,GPU driver timeout (TDR),VIDEO_TDR_FAILURE,Artifacts appear during video playback or games (VIDEO_TDR_FAILURE),Faulty GPU hardware or BIOS incompatibility,Clean GPU heatsink/fans; reseat the card; monitor temps with HWMonitor,Check power connectors; ensure PSU meets GPU requirements,Use DDU (Display Driver Uninstaller) in Safe Mode and reinstall latest driver,Stable display during stress test (FurMark/Unigine) and no driver resets logged.,high,GPU vendor KB / community guides (paraphrased)
GPU-076,GPU_Display,Driver crash with code,Driver_Crash,Artifacts appear during video playback or games (Driver_Crash),Insufficient power or failing PSU,Test with another GPU or onboard graphics to isolate hardware fault,Clean GPU heatsink/fans; reseat the card; monitor temps with HWMonitor,Check power connectors; ensure PSU meets GPU requirements,Stable display during stress test (FurMark/Unigine) and no driver resets logged.,high,GPU vendor KB / community guides (paraphrased)
GPU-077,GPU_Display,HDCP handshake failure on protected content,HDCP_Error,Artifacts appear during video playback or games (HDCP_Error),Insufficient power or failing PSU,Clean GPU heatsink/fans; reseat the card; monitor temps with HWMonitor,Check power connectors; ensure PSU meets GPU requirements,Use DDU (Display Driver Uninstaller) in Safe Mode and reinstall latest driver,Stable display during stress test (FurMark/Unigine) and no driver resets logged.,low,GPU vendor KB / community guides (paraphrased)
GPU-078,GPU_Display,Video stuttering or frame drops,Stuttering,Artifacts appear during video playback or games (Stuttering),Insufficient power or failing PSU,Rollback driver to previously stable version if recent update caused issues,Use DDU (Display Driver Uninstaller) in Safe Mode and reinstall latest driver,Clean GPU heatsink/fans; reseat the card; monitor temps with HWMonitor,Stable display during stress test (FurMark/Unigine) and no driver resets logged.,medium,GPU vendor KB / community guides (paraphrased)
GPU-079,GPU_Display,Black screen on boot or during gaming,Black_Screen,No signal to monitor after GPU init (Black screen on boot or during gaming),Outdated or corrupt GPU driver,Use DDU (Display Driver Uninstaller) in Safe Mode and reinstall latest driver,Test with another GPU or onboard graphics to isolate hardware fault,Rollback driver to previously stable version if recent update caused issues,Stable display during stress test (FurMark/Unigine) and no driver resets logged.,low,GPU vendor KB / community guides (paraphrased)
GPU-080,GPU_Display,Driver crash with code,Driver_Crash,Screen freezes and driver resets (Driver crash with code),Insufficient power or failing PSU,Use DDU (Display Driver Uninstaller) in Safe Mode and reinstall latest driver,Check power connectors; ensure PSU meets GPU requirements,Clean GPU heatsink/fans; reseat the card; monitor temps with HWMonitor,Stable display during stress test (FurMark/Unigine) and no driver resets logged.,high,GPU vendor KB / community guides (paraphrased)
GPU-081,GPU_Display,No display output after power on,No_Display_Output,Screen freezes and driver resets (No display output after power on),Faulty GPU hardware or BIOS incompatibility,Test with another GPU or onboard graphics to isolate hardware fault,Use DDU (Display Driver Uninstaller) in Safe Mode and reinstall latest driver,Rollback driver to previously stable version if recent update caused issues,Stable display during stress test (FurMark/Unigine) and no driver resets logged.,low,GPU vendor KB / community guides (paraphrased)
GPU-082,GPU_Display,Video stuttering or frame drops,Stuttering,Artifacts appear during video playback or games (Stuttering),Outdated or corrupt GPU driver,Use DDU (Display Driver Uninstaller) in Safe Mode and reinstall latest driver,Clean GPU heatsink/fans; reseat the card; monitor temps with HWMonitor,Test with another GPU or onboard graphics to isolate hardware fault,Stable display during stress test (FurMark/Unigine) and no driver resets logged.,high,GPU vendor KB / community guides (paraphrased)
GPU-083,GPU_Display,GPU driver timeout (TDR),VIDEO_TDR_FAILURE,No signal to monitor after GPU init (GPU driver timeout (TDR)),Faulty GPU hardware or BIOS incompatibility,Check power connectors; ensure PSU meets GPU requirements,Use DDU (Display Driver Uninstaller) in Safe Mode and reinstall latest driver,Test with another GPU or onboard graphics to isolate hardware fault,Stable display during stress test (FurMark/Unigine) and no driver resets logged.,low,GPU vendor KB / community guides (paraphrased)
GPU-084,GPU_Display,Visual artifacts or flickering,Artifacting,Screen freezes and driver resets (Visual artifacts or flickering),Insufficient power or failing PSU,Rollback driver to previously stable version if recent update caused issues,Clean GPU heatsink/fans; reseat the card; monitor temps with HWMonitor,Check power connectors; ensure PSU meets GPU requirements,Stable display during stress test (FurMark/Unigine) and no driver resets logged.,high,GPU vendor KB / community guides (paraphrased)
GPU-085,GPU_Display,Low GPU performance after driver update,Low_Perf,Screen freezes and driver resets (Low GPU performance after driver update),Thermal throttling due to dust/poor cooling,Test with another GPU or onboard graphics to isolate hardware fault,Rollback driver to previously stable version if recent update caused issues,Clean GPU heatsink/fans; reseat the card; monitor temps with HWMonitor,Stable display during stress test (FurMark/Unigine) and no driver resets logged.,medium,GPU vendor KB / community guides (paraphrased)
GPU-086,GPU_Display,Driver crash with code,Driver_Crash,Artifacts appear during video playback or games (Driver_Crash),Outdated or corrupt GPU driver,Use DDU (Display Driver Uninstaller) in Safe Mode and reinstall latest driver,Rollback driver to previously stable version if recent update caused issues,Check power connectors; ensure PSU meets GPU requirements,Stable display during stress test (FurMark/Unigine) and no driver resets logged.,high,GPU vendor KB / community guides (paraphrased)
GPU-087,GPU_Display,Low GPU performance after driver update,Low_Perf,No signal to monitor after GPU init (Low GPU performance after driver update),Faulty GPU hardware or BIOS incompatibility,Use DDU (Display Driver Uninstaller) in Safe Mode and reinstall latest driver,Rollback driver to previously stable version if recent update caused issues,Clean GPU heatsink/fans; reseat the card; monitor temps with HWMonitor,Stable display during stress test (FurMark/Unigine) and no driver resets logged.,medium,GPU vendor KB / community guides (paraphrased)
GPU-088,GPU_Display,Black screen on boot or during gaming,Black_Screen,Artifacts appear during video playback or games (Black_Screen),Faulty GPU hardware or BIOS incompatibility,Clean GPU heatsink/fans; reseat the card; monitor temps with HWMonitor,Use DDU (Display Driver Uninstaller) in Safe Mode and reinstall latest driver,Rollback driver to previously stable version if recent update caused issues,Stable display during stress test (FurMark/Unigine) and no driver resets logged.,medium,GPU vendor KB / community guides (paraphrased)
GPU-089,GPU_Display,Driver crash with code,Driver_Crash,Screen freezes and driver resets (Driver crash with code),Faulty GPU hardware or BIOS incompatibility,Clean GPU heatsink/fans; reseat the card; monitor temps with HWMonitor,Use DDU (Display Driver Uninstaller) in Safe Mode and reinstall latest driver,Test with another GPU or onboard graphics to isolate hardware fault,Stable display during stress test (FurMark/Unigine) and no driver resets logged.,low,GPU vendor KB / community guides (paraphrased)
GPU-090,GPU_Display,GPU overheating and throttling,Overheating_GPU,No signal to monitor after GPU init (GPU overheating and throttling),Outdated or corrupt GPU driver,Check power connectors; ensure PSU meets GPU requirements,Clean GPU heatsink/fans; reseat the card; monitor temps with HWMonitor,Use DDU (Display Driver Uninstaller) in Safe Mode and reinstall latest driver,Stable display during stress test (FurMark/Unigine) and no driver resets logged.,medium,GPU vendor KB / community guides (paraphrased)
GPU-091,GPU_Display,VRAM read/write errors,VRAM_Error,Screen freezes and driver resets (VRAM read/write errors),Faulty GPU hardware or BIOS incompatibility,Use DDU (Display Driver Uninstaller) in Safe Mode and reinstall latest driver,Clean GPU heatsink/fans; reseat the card; monitor temps with HWMonitor,Rollback driver to previously stable version if recent update caused issues,Stable display during stress test (FurMark/Unigine) and no driver resets logged.,low,GPU vendor KB / community guides (paraphrased)
GPU-092,GPU_Display,Driver crash with code,Driver_Crash,No signal to monitor after GPU init (Driver crash with code),Faulty GPU hardware or BIOS incompatibility,Rollback driver to previously stable version if recent update caused issues,Clean GPU heatsink/fans; reseat the card; monitor temps with HWMonitor,Check power connectors; ensure PSU meets GPU requirements,Stable display during stress test (FurMark/Unigine) and no driver resets logged.,low,GPU vendor KB / community guides (paraphrased)
GPU-093,GPU_Display,Visual artifacts or flickering,Artifacting,No signal to monitor after GPU init (Visual artifacts or flickering),Outdated or corrupt GPU driver,Rollback driver to previously stable version if recent update caused issues,Clean GPU heatsink/fans; reseat the card; monitor temps with HWMonitor,Use DDU (Display Driver Uninstaller) in Safe Mode and reinstall latest driver,Stable display during stress test (FurMark/Unigine) and no driver resets logged.,medium,GPU vendor KB / community guides (paraphrased)
GPU-094,GPU_Display,Low GPU performance after driver update,Low_Perf,Screen freezes and driver resets (Low GPU performance after driver update),Outdated or corrupt GPU driver,Clean GPU heatsink/fans; reseat the card; monitor temps with HWMonitor,Test with another GPU or onboard graphics to isolate hardware fault,Check power connectors; ensure PSU meets GPU requirements,Stable display during stress test (FurMark/Unigine) and no driver resets logged.,medium,GPU vendor KB / community guides (paraphrased)
GPU-095,GPU_Display,GPU overheating and throttling,Overheating_GPU,Artifacts appear during video playback or games (Overheating_GPU),Faulty GPU hardware or BIOS incompatibility,Check power connectors; ensure PSU meets GPU requirements,Clean GPU heatsink/fans; reseat the card; monitor temps with HWMonitor,Test with another GPU or onboard graphics to isolate hardware fault,Stable display during stress test (FurMark/Unigine) and no driver resets logged.,high,GPU vendor KB / community guides (paraphrased)
GPU-096,GPU_Display,Low GPU performance after driver update,Low_Perf,Screen freezes and driver resets (Low GPU performance after driver update),Faulty GPU hardware or BIOS incompatibility,Use DDU (Display Driver Uninstaller) in Safe Mode and reinstall latest driver,Clean GPU heatsink/fans; reseat the card; monitor temps with HWMonitor,Rollback driver to previously stable version if recent update caused issues,Stable display during stress test (FurMark/Unigine) and no driver resets logged.,low,GPU vendor KB / community guides (paraphrased)
GPU-097,GPU_Display,Black screen on boot or during gaming,Black_Screen,Screen freezes and driver resets (Black screen on boot or during gaming),Thermal throttling due to dust/poor cooling,Check power connectors; ensure PSU meets GPU requirements,Test with another GPU or onboard graphics to isolate hardware fault,Clean GPU heatsink/fans; reseat the card; monitor temps with HWMonitor,Stable display during stress test (FurMark/Unigine) and no driver resets logged.,low,GPU vendor KB / community guides (paraphrased)
GPU-098,GPU_Display,Visual artifacts or flickering,Artifacting,No signal to monitor after GPU init (Visual artifacts or flickering),Faulty GPU hardware or BIOS incompatibility,Clean GPU heatsink/fans; reseat the card; monitor temps with HWMonitor,Rollback driver to previously stable version if recent update caused issues,Use DDU (Display Driver Uninstaller) in Safe Mode and reinstall latest driver,Stable display during stress test (FurMark/Unigine) and no driver resets logged.,medium,GPU vendor KB / community guides (paraphrased)
GPU-099,GPU_Display,GPU driver timeout (TDR),VIDEO_TDR_FAILURE,Artifacts appear during video playback or games (VIDEO_TDR_FAILURE),Faulty GPU hardware or BIOS incompatibility,Clean GPU heatsink/fans; reseat the card; monitor temps with HWMonitor,Rollback driver to previously stable version if recent update caused issues,Use DDU (Display Driver Uninstaller) in Safe Mode and reinstall latest driver,Stable display during stress test (FurMark/Unigine) and no driver resets logged.,medium,GPU vendor KB / community guides (paraphrased)
GPU-100,GPU_Display,Black screen on boot or during gaming,Black_Screen,Screen freezes and driver resets (Black screen on boot or during gaming),Faulty GPU hardware or BIOS incompatibility,Test with another GPU or onboard graphics to isolate hardware fault,Rollback driver to previously stable version if recent update caused issues,Use DDU (Display Driver Uninstaller) in Safe Mode and reinstall latest driver,Stable display during stress test (FurMark/Unigine) and no driver resets logged.,medium,GPU vendor KB / community guides (paraphrased)
